iso_code,continent,location,date,total_cases,new_cases,new_cases_smoothed,total_deaths,new_deaths,new_deaths_smoothed,total_cases_per_million,new_cases_per_million,new_cases_smoothed_per_million,total_deaths_per_million,new_deaths_per_million,new_deaths_smoothed_per_million,reproduction_rate,icu_patients,icu_patients_per_million,hosp_patients,hosp_patients_per_million,weekly_icu_admissions,weekly_icu_admissions_per_million,weekly_hosp_admissions,weekly_hosp_admissions_per_million,new_tests,total_tests,total_tests_per_thousand,new_tests_per_thousand,new_tests_smoothed,new_tests_smoothed_per_thousand,positive_rate,tests_per_case,tests_units,total_vaccinations,people_vaccinated,people_fully_vaccinated,new_vaccinations,new_vaccinations_smoothed,total_vaccinations_per_hundred,people_vaccinated_per_hundred,people_fully_vaccinated_per_hundred,new_vaccinations_smoothed_per_million,stringency_index,population,population_density,median_age,aged_65_older,aged_70_older,gdp_per_capita,extreme_poverty,cardiovasc_death_rate,diabetes_prevalence,female_smokers,male_smokers,handwashing_facilities,hospital_beds_per_thousand,life_expectancy,human_development_index
RUS,Europe,Russia,2020-03-03,3.0,1.0,0.143,0.0,0.0,0.0,0.021,0.0,0.001,0.0,0.0,0.0,0.0,0.0,0.0,0.0,0.0,0.0,0.0,0.0,0.0,0.0,0.0,0.0,0.0,0.0,0.0,0.0,0.0,0,0.0,0.0,0.0,0.0,0.0,0.0,0.0,0.0,0.0,8.33,145934460.0,8.823,39.6,14.178,9.393,24765.954,0.1,431.297,6.18,23.4,58.3,0.0,8.05,72.58,0.816
RUS,Europe,Russia,2020-03-04,3.0,1.0,0.143,0.0,0.0,0.0,0.021,0.0,0.001,0.0,0.0,0.0,0.0,0.0,0.0,0.0,0.0,0.0,0.0,0.0,0.0,0.0,46414.0,0.318,0.0,0.0,0.0,0.0,0.0,tests performed,0.0,0.0,0.0,0.0,0.0,0.0,0.0,0.0,0.0,8.33,145934460.0,8.823,39.6,14.178,9.393,24765.954,0.1,431.297,6.18,23.4,58.3,0.0,8.05,72.58,0.816
RUS,Europe,Russia,2020-03-05,4.0,1.0,0.286,0.0,0.0,0.0,0.027,0.007,0.002,0.0,0.0,0.0,0.0,0.0,0.0,0.0,0.0,0.0,0.0,0.0,0.0,4952.0,51366.0,0.352,0.034,0.0,0.0,0.0,0.0,tests performed,0.0,0.0,0.0,0.0,0.0,0.0,0.0,0.0,0.0,22.22,145934460.0,8.823,39.6,14.178,9.393,24765.954,0.1,431.297,6.18,23.4,58.3,0.0,8.05,72.58,0.816
RUS,Europe,Russia,2020-03-06,13.0,9.0,1.571,0.0,0.0,0.0,0.089,0.062,0.011,0.0,0.0,0.0,0.0,0.0,0.0,0.0,0.0,0.0,0.0,0.0,0.0,4322.0,55688.0,0.382,0.03,0.0,0.0,0.0,0.0,tests performed,0.0,0.0,0.0,0.0,0.0,0.0,0.0,0.0,0.0,22.22,145934460.0,8.823,39.6,14.178,9.393,24765.954,0.1,431.297,6.18,23.4,58.3,0.0,8.05,72.58,0.816
RUS,Europe,Russia,2020-03-07,13.0,1.0,1.571,0.0,0.0,0.0,0.089,0.0,0.011,0.0,0.0,0.0,0.0,0.0,0.0,0.0,0.0,0.0,0.0,0.0,0.0,4272.0,59960.0,0.411,0.029,0.0,0.0,0.0,0.0,tests performed,0.0,0.0,0.0,0.0,0.0,0.0,0.0,0.0,0.0,22.22,145934460.0,8.823,39.6,14.178,9.393,24765.954,0.1,431.297,6.18,23.4,58.3,0.0,8.05,72.58,0.816
RUS,Europe,Russia,2020-03-08,17.0,4.0,2.143,0.0,0.0,0.0,0.116,0.027,0.015,0.0,0.0,0.0,0.0,0.0,0.0,0.0,0.0,0.0,0.0,0.0,0.0,3231.0,63191.0,0.433,0.022,0.0,0.0,0.0,0.0,tests performed,0.0,0.0,0.0,0.0,0.0,0.0,0.0,0.0,0.0,22.22,145934460.0,8.823,39.6,14.178,9.393,24765.954,0.1,431.297,6.18,23.4,58.3,0.0,8.05,72.58,0.816
RUS,Europe,Russia,2020-03-09,17.0,1.0,2.0,0.0,0.0,0.0,0.116,0.0,0.014,0.0,0.0,0.0,0.0,0.0,0.0,0.0,0.0,0.0,0.0,0.0,0.0,0.0,0.0,0.0,0.0,0.0,0.0,0.0,0.0,tests performed,0.0,0.0,0.0,0.0,0.0,0.0,0.0,0.0,0.0,22.22,145934460.0,8.823,39.6,14.178,9.393,24765.954,0.1,431.297,6.18,23.4,58.3,0.0,8.05,72.58,0.816
RUS,Europe,Russia,2020-03-10,20.0,3.0,2.429,0.0,0.0,0.0,0.137,0.021,0.017,0.0,0.0,0.0,0.0,0.0,0.0,0.0,0.0,0.0,0.0,0.0,0.0,0.0,70601.0,0.484,0.0,0.0,0.0,0.0,0.0,tests performed,0.0,0.0,0.0,0.0,0.0,0.0,0.0,0.0,0.0,31.94,145934460.0,8.823,39.6,14.178,9.393,24765.954,0.1,431.297,6.18,23.4,58.3,0.0,8.05,72.58,0.816
RUS,Europe,Russia,2020-03-11,20.0,1.0,2.429,0.0,0.0,0.0,0.137,0.0,0.017,0.0,0.0,0.0,0.0,0.0,0.0,0.0,0.0,0.0,0.0,0.0,0.0,6362.0,76963.0,0.527,0.044,4364.0,0.03,0.001,1796.6,tests performed,0.0,0.0,0.0,0.0,0.0,0.0,0.0,0.0,0.0,31.94,145934460.0,8.823,39.6,14.178,9.393,24765.954,0.1,431.297,6.18,23.4,58.3,0.0,8.05,72.58,0.816
RUS,Europe,Russia,2020-03-12,28.0,8.0,3.429,0.0,0.0,0.0,0.192,0.055,0.023,0.0,0.0,0.0,0.0,0.0,0.0,0.0,0.0,0.0,0.0,0.0,0.0,0.0,0.0,0.0,0.0,4934.0,0.034,0.001,1438.9,tests performed,0.0,0.0,0.0,0.0,0.0,0.0,0.0,0.0,0.0,31.94,145934460.0,8.823,39.6,14.178,9.393,24765.954,0.1,431.297,6.18,23.4,58.3,0.0,8.05,72.58,0.816
RUS,Europe,Russia,2020-03-13,45.0,17.0,4.571,0.0,0.0,0.0,0.308,0.116,0.031,0.0,0.0,0.0,0.0,0.0,0.0,0.0,0.0,0.0,0.0,0.0,0.0,0.0,94852.0,0.65,0.0,5595.0,0.038,0.001,1224.0,tests performed,0.0,0.0,0.0,0.0,0.0,0.0,0.0,0.0,0.0,31.94,145934460.0,8.823,39.6,14.178,9.393,24765.954,0.1,431.297,6.18,23.4,58.3,0.0,8.05,72.58,0.816
RUS,Europe,Russia,2020-03-14,59.0,14.0,6.571,0.0,0.0,0.0,0.404,0.096,0.045,0.0,0.0,0.0,0.0,0.0,0.0,0.0,0.0,0.0,0.0,0.0,0.0,10031.0,104883.0,0.719,0.069,6418.0,0.044,0.001,976.7,tests performed,0.0,0.0,0.0,0.0,0.0,0.0,0.0,0.0,0.0,35.65,145934460.0,8.823,39.6,14.178,9.393,24765.954,0.1,431.297,6.18,23.4,58.3,0.0,8.05,72.58,0.816
RUS,Europe,Russia,2020-03-15,63.0,4.0,6.571,0.0,0.0,0.0,0.432,0.027,0.045,0.0,0.0,0.0,0.0,0.0,0.0,0.0,0.0,0.0,0.0,0.0,0.0,5056.0,109939.0,0.753,0.035,6678.0,0.046,0.001,1016.3,tests performed,0.0,0.0,0.0,0.0,0.0,0.0,0.0,0.0,0.0,35.65,145934460.0,8.823,39.6,14.178,9.393,24765.954,0.1,431.297,6.18,23.4,58.3,0.0,8.05,72.58,0.816
RUS,Europe,Russia,2020-03-16,90.0,27.0,10.429,0.0,0.0,0.0,0.617,0.185,0.071,0.0,0.0,0.0,0.0,0.0,0.0,0.0,0.0,0.0,0.0,0.0,0.0,6122.0,116061.0,0.795,0.042,7024.0,0.048,0.001,673.5,tests performed,0.0,0.0,0.0,0.0,0.0,0.0,0.0,0.0,0.0,50.46,145934460.0,8.823,39.6,14.178,9.393,24765.954,0.1,431.297,6.18,23.4,58.3,0.0,8.05,72.58,0.816
RUS,Europe,Russia,2020-03-17,114.0,24.0,13.429,0.0,0.0,0.0,0.781,0.164,0.092,0.0,0.0,0.0,0.0,0.0,0.0,0.0,0.0,0.0,0.0,0.0,0.0,6793.0,122854.0,0.842,0.047,7465.0,0.051,0.002,555.9,tests performed,0.0,0.0,0.0,0.0,0.0,0.0,0.0,0.0,0.0,60.65,145934460.0,8.823,39.6,14.178,9.393,24765.954,0.1,431.297,6.18,23.4,58.3,0.0,8.05,72.58,0.816
RUS,Europe,Russia,2020-03-18,147.0,33.0,18.143,0.0,0.0,0.0,1.007,0.226,0.124,0.0,0.0,0.0,2.27,0.0,0.0,0.0,0.0,0.0,0.0,0.0,0.0,10247.0,133101.0,0.912,0.07,8020.0,0.055,0.002,442.0,tests performed,0.0,0.0,0.0,0.0,0.0,0.0,0.0,0.0,0.0,60.65,145934460.0,8.823,39.6,14.178,9.393,24765.954,0.1,431.297,6.18,23.4,58.3,0.0,8.05,72.58,0.816
RUS,Europe,Russia,2020-03-19,199.0,52.0,24.429,1.0,1.0,0.143,1.364,0.356,0.167,0.007,0.007,0.001,2.29,0.0,0.0,0.0,0.0,0.0,0.0,0.0,0.0,10418.0,143519.0,0.983,0.071,8230.0,0.056,0.003,336.9,tests performed,0.0,0.0,0.0,0.0,0.0,0.0,0.0,0.0,0.0,68.06,145934460.0,8.823,39.6,14.178,9.393,24765.954,0.1,431.297,6.18,23.4,58.3,0.0,8.05,72.58,0.816
RUS,Europe,Russia,2020-03-20,253.0,54.0,29.714,1.0,0.0,0.143,1.734,0.37,0.204,0.007,0.0,0.001,2.26,0.0,0.0,0.0,0.0,0.0,0.0,0.0,0.0,12497.0,156016.0,1.069,0.086,8738.0,0.06,0.003,294.1,tests performed,0.0,0.0,0.0,0.0,0.0,0.0,0.0,0.0,0.0,68.06,145934460.0,8.823,39.6,14.178,9.393,24765.954,0.1,431.297,6.18,23.4,58.3,0.0,8.05,72.58,0.816
RUS,Europe,Russia,2020-03-21,306.0,53.0,35.286,1.0,0.0,0.143,2.097,0.363,0.242,0.007,0.0,0.001,2.23,0.0,0.0,0.0,0.0,0.0,0.0,0.0,0.0,7513.0,163529.0,1.121,0.051,8378.0,0.057,0.004,237.4,tests performed,0.0,0.0,0.0,0.0,0.0,0.0,0.0,0.0,0.0,69.91,145934460.0,8.823,39.6,14.178,9.393,24765.954,0.1,431.297,6.18,23.4,58.3,0.0,8.05,72.58,0.816
RUS,Europe,Russia,2020-03-22,367.0,61.0,43.429,1.0,0.0,0.143,2.515,0.418,0.298,0.007,0.0,0.001,2.23,0.0,0.0,0.0,0.0,0.0,0.0,0.0,0.0,2243.0,165772.0,1.136,0.015,7976.0,0.055,0.005,183.7,tests performed,0.0,0.0,0.0,0.0,0.0,0.0,0.0,0.0,0.0,69.91,145934460.0,8.823,39.6,14.178,9.393,24765.954,0.1,431.297,6.18,23.4,58.3,0.0,8.05,72.58,0.816
RUS,Europe,Russia,2020-03-23,438.0,71.0,49.714,1.0,0.0,0.143,3.001,0.487,0.341,0.007,0.0,0.001,2.27,0.0,0.0,0.0,0.0,0.0,0.0,0.0,0.0,20146.0,185918.0,1.274,0.138,9980.0,0.068,0.005,200.7,tests performed,0.0,0.0,0.0,0.0,0.0,0.0,0.0,0.0,0.0,69.91,145934460.0,8.823,39.6,14.178,9.393,24765.954,0.1,431.297,6.18,23.4,58.3,0.0,8.05,72.58,0.816
RUS,Europe,Russia,2020-03-24,495.0,57.0,54.429,1.0,0.0,0.143,3.392,0.391,0.373,0.007,0.0,0.001,2.33,0.0,0.0,0.0,0.0,0.0,0.0,0.0,0.0,6906.0,192824.0,1.321,0.047,9996.0,0.068,0.005,183.7,tests performed,0.0,0.0,0.0,0.0,0.0,0.0,0.0,0.0,0.0,69.91,145934460.0,8.823,39.6,14.178,9.393,24765.954,0.1,431.297,6.18,23.4,58.3,0.0,8.05,72.58,0.816
RUS,Europe,Russia,2020-03-25,658.0,163.0,73.0,3.0,2.0,0.429,4.509,1.117,0.5,0.021,0.014,0.003,2.51,0.0,0.0,0.0,0.0,0.0,0.0,0.0,0.0,4427.0,197251.0,1.352,0.03,9164.0,0.063,0.008,125.5,tests performed,0.0,0.0,0.0,0.0,0.0,0.0,0.0,0.0,0.0,69.91,145934460.0,8.823,39.6,14.178,9.393,24765.954,0.1,431.297,6.18,23.4,58.3,0.0,8.05,72.58,0.816
RUS,Europe,Russia,2020-03-26,840.0,182.0,91.571,3.0,0.0,0.286,5.756,1.247,0.627,0.021,0.0,0.002,2.54,0.0,0.0,0.0,0.0,0.0,0.0,0.0,0.0,26258.0,223509.0,1.532,0.18,11427.0,0.078,0.008,124.8,tests performed,0.0,0.0,0.0,0.0,0.0,0.0,0.0,0.0,0.0,69.91,145934460.0,8.823,39.6,14.178,9.393,24765.954,0.1,431.297,6.18,23.4,58.3,0.0,8.05,72.58,0.816
RUS,Europe,Russia,2020-03-27,1036.0,196.0,111.857,4.0,1.0,0.429,7.099,1.343,0.766,0.027,0.007,0.003,2.51,0.0,0.0,0.0,0.0,0.0,0.0,0.0,0.0,19868.0,243377.0,1.668,0.136,12480.0,0.086,0.009,111.6,tests performed,0.0,0.0,0.0,0.0,0.0,0.0,0.0,0.0,0.0,69.91,145934460.0,8.823,39.6,14.178,9.393,24765.954,0.1,431.297,6.18,23.4,58.3,0.0,8.05,72.58,0.816
RUS,Europe,Russia,2020-03-28,1264.0,228.0,136.857,4.0,0.0,0.429,8.661,1.562,0.938,0.027,0.0,0.003,2.48,0.0,0.0,0.0,0.0,0.0,0.0,0.0,0.0,20511.0,263888.0,1.808,0.141,14337.0,0.098,0.01,104.8,tests performed,0.0,0.0,0.0,0.0,0.0,0.0,0.0,0.0,0.0,71.76,145934460.0,8.823,39.6,14.178,9.393,24765.954,0.1,431.297,6.18,23.4,58.3,0.0,8.05,72.58,0.816
RUS,Europe,Russia,2020-03-29,1534.0,270.0,166.714,8.0,4.0,1.0,10.512,1.85,1.142,0.055,0.027,0.007,2.45,0.0,0.0,0.0,0.0,0.0,0.0,0.0,0.0,79635.0,343523.0,2.354,0.546,25393.0,0.174,0.007,152.3,tests performed,0.0,0.0,0.0,0.0,0.0,0.0,0.0,0.0,0.0,71.76,145934460.0,8.823,39.6,14.178,9.393,24765.954,0.1,431.297,6.18,23.4,58.3,0.0,8.05,72.58,0.816
RUS,Europe,Russia,2020-03-30,1836.0,302.0,199.714,9.0,1.0,1.143,12.581,2.069,1.369,0.062,0.007,0.008,2.44,0.0,0.0,0.0,0.0,0.0,0.0,0.0,0.0,0.0,0.0,0.0,0.0,27013.0,0.185,0.007,135.3,tests performed,0.0,0.0,0.0,0.0,0.0,0.0,0.0,0.0,0.0,87.04,145934460.0,8.823,39.6,14.178,9.393,24765.954,0.1,431.297,6.18,23.4,58.3,0.0,8.05,72.58,0.816
RUS,Europe,Russia,2020-03-31,2337.0,501.0,263.143,17.0,8.0,2.286,16.014,3.433,1.803,0.116,0.055,0.016,2.45,0.0,0.0,0.0,0.0,0.0,0.0,0.0,0.0,0.0,406500.0,2.785,0.0,30525.0,0.209,0.009,116.0,tests performed,0.0,0.0,0.0,0.0,0.0,0.0,0.0,0.0,0.0,87.04,145934460.0,8.823,39.6,14.178,9.393,24765.954,0.1,431.297,6.18,23.4,58.3,0.0,8.05,72.58,0.816
RUS,Europe,Russia,2020-04-01,2777.0,440.0,302.714,24.0,7.0,3.0,19.029,3.015,2.074,0.164,0.048,0.021,2.39,0.0,0.0,0.0,0.0,0.0,0.0,0.0,0.0,129500.0,536000.0,3.673,0.887,48393.0,0.332,0.006,159.9,tests performed,0.0,0.0,0.0,0.0,0.0,0.0,0.0,0.0,0.0,87.04,145934460.0,8.823,39.6,14.178,9.393,24765.954,0.1,431.297,6.18,23.4,58.3,0.0,8.05,72.58,0.816
RUS,Europe,Russia,2020-04-02,3548.0,771.0,386.857,30.0,6.0,3.857,24.312,5.283,2.651,0.206,0.041,0.026,2.36,0.0,0.0,0.0,0.0,0.0,0.0,0.0,0.0,39103.0,575103.0,3.941,0.268,50228.0,0.344,0.008,129.8,tests performed,0.0,0.0,0.0,0.0,0.0,0.0,0.0,0.0,0.0,87.04,145934460.0,8.823,39.6,14.178,9.393,24765.954,0.1,431.297,6.18,23.4,58.3,0.0,8.05,72.58,0.816
RUS,Europe,Russia,2020-04-03,4149.0,601.0,444.714,34.0,4.0,4.286,28.431,4.118,3.047,0.233,0.027,0.029,2.23,0.0,0.0,0.0,0.0,0.0,0.0,0.0,0.0,64503.0,639606.0,4.383,0.442,56604.0,0.388,0.008,127.3,tests performed,0.0,0.0,0.0,0.0,0.0,0.0,0.0,0.0,0.0,87.04,145934460.0,8.823,39.6,14.178,9.393,24765.954,0.1,431.297,6.18,23.4,58.3,0.0,8.05,72.58,0.816
RUS,Europe,Russia,2020-04-04,4731.0,582.0,495.286,43.0,9.0,5.571,32.419,3.988,3.394,0.295,0.062,0.038,2.13,0.0,0.0,0.0,0.0,0.0,0.0,0.0,0.0,57398.0,697004.0,4.776,0.393,61874.0,0.424,0.008,124.9,tests performed,0.0,0.0,0.0,0.0,0.0,0.0,0.0,0.0,0.0,87.04,145934460.0,8.823,39.6,14.178,9.393,24765.954,0.1,431.297,6.18,23.4,58.3,0.0,8.05,72.58,0.816
RUS,Europe,Russia,2020-04-05,5389.0,658.0,550.714,45.0,2.0,5.286,36.928,4.509,3.774,0.308,0.014,0.036,2.1,0.0,0.0,0.0,0.0,0.0,0.0,0.0,0.0,61397.0,758401.0,5.197,0.421,59268.0,0.406,0.009,107.6,tests performed,0.0,0.0,0.0,0.0,0.0,0.0,0.0,0.0,0.0,87.04,145934460.0,8.823,39.6,14.178,9.393,24765.954,0.1,431.297,6.18,23.4,58.3,0.0,8.05,72.58,0.816
RUS,Europe,Russia,2020-04-06,6343.0,954.0,643.857,47.0,2.0,5.429,43.465,6.537,4.412,0.322,0.014,0.037,2.11,0.0,0.0,0.0,0.0,0.0,0.0,0.0,0.0,37122.0,795523.0,5.451,0.254,60073.0,0.412,0.011,93.3,tests performed,0.0,0.0,0.0,0.0,0.0,0.0,0.0,0.0,0.0,85.19,145934460.0,8.823,39.6,14.178,9.393,24765.954,0.1,431.297,6.18,23.4,58.3,0.0,8.05,72.58,0.816
RUS,Europe,Russia,2020-04-07,7497.0,1154.0,737.143,58.0,11.0,5.857,51.372,7.908,5.051,0.397,0.075,0.04,2.12,0.0,0.0,0.0,0.0,0.0,0.0,0.0,0.0,114698.0,910221.0,6.237,0.786,71960.0,0.493,0.01,97.6,tests performed,0.0,0.0,0.0,0.0,0.0,0.0,0.0,0.0,0.0,85.19,145934460.0,8.823,39.6,14.178,9.393,24765.954,0.1,431.297,6.18,23.4,58.3,0.0,8.05,72.58,0.816
RUS,Europe,Russia,2020-04-08,8672.0,1175.0,842.143,63.0,5.0,5.571,59.424,8.052,5.771,0.432,0.034,0.038,2.09,0.0,0.0,0.0,0.0,0.0,0.0,0.0,0.0,94498.0,1004719.0,6.885,0.648,66960.0,0.459,0.013,79.5,tests performed,0.0,0.0,0.0,0.0,0.0,0.0,0.0,0.0,0.0,85.19,145934460.0,8.823,39.6,14.178,9.393,24765.954,0.1,431.297,6.18,23.4,58.3,0.0,8.05,72.58,0.816
RUS,Europe,Russia,2020-04-09,10131.0,1459.0,940.429,76.0,13.0,6.571,69.422,9.998,6.444,0.521,0.089,0.045,2.09,0.0,0.0,0.0,0.0,0.0,0.0,0.0,0.0,88092.0,1092811.0,7.488,0.604,73958.0,0.507,0.013,78.6,tests performed,0.0,0.0,0.0,0.0,0.0,0.0,0.0,0.0,0.0,85.19,145934460.0,8.823,39.6,14.178,9.393,24765.954,0.1,431.297,6.18,23.4,58.3,0.0,8.05,72.58,0.816
RUS,Europe,Russia,2020-04-10,11917.0,1786.0,1109.714,94.0,18.0,8.571,81.66,12.238,7.604,0.644,0.123,0.059,2.08,0.0,0.0,0.0,0.0,0.0,0.0,0.0,0.0,91631.0,1184442.0,8.116,0.628,77834.0,0.533,0.014,70.1,tests performed,0.0,0.0,0.0,0.0,0.0,0.0,0.0,0.0,0.0,85.19,145934460.0,8.823,39.6,14.178,9.393,24765.954,0.1,431.297,6.18,23.4,58.3,0.0,8.05,72.58,0.816
RUS,Europe,Russia,2020-04-11,13584.0,1667.0,1264.714,106.0,12.0,9.0,93.083,11.423,8.666,0.726,0.082,0.062,2.04,0.0,0.0,0.0,0.0,0.0,0.0,0.0,0.0,94305.0,1278747.0,8.762,0.646,83106.0,0.569,0.015,65.7,tests performed,0.0,0.0,0.0,0.0,0.0,0.0,0.0,0.0,0.0,85.19,145934460.0,8.823,39.6,14.178,9.393,24765.954,0.1,431.297,6.18,23.4,58.3,0.0,8.05,72.58,0.816
RUS,Europe,Russia,2020-04-12,15770.0,2186.0,1483.0,130.0,24.0,12.143,108.062,14.979,10.162,0.891,0.164,0.083,2.04,0.0,0.0,0.0,0.0,0.0,0.0,0.0,0.0,81246.0,1359993.0,9.319,0.557,85942.0,0.589,0.017,58.0,tests performed,0.0,0.0,0.0,0.0,0.0,0.0,0.0,0.0,0.0,85.19,145934460.0,8.823,39.6,14.178,9.393,24765.954,0.1,431.297,6.18,23.4,58.3,0.0,8.05,72.58,0.816
RUS,Europe,Russia,2020-04-13,18328.0,2558.0,1712.143,148.0,18.0,14.429,125.591,17.528,11.732,1.014,0.123,0.099,2.02,0.0,0.0,0.0,0.0,0.0,0.0,0.0,0.0,66021.0,1426014.0,9.772,0.452,90070.0,0.617,0.019,52.6,tests performed,0.0,0.0,0.0,0.0,0.0,0.0,0.0,0.0,0.0,85.19,145934460.0,8.823,39.6,14.178,9.393,24765.954,0.1,431.297,6.18,23.4,58.3,0.0,8.05,72.58,0.816
RUS,Europe,Russia,2020-04-14,21102.0,2774.0,1943.571,170.0,22.0,16.0,144.599,19.009,13.318,1.165,0.151,0.11,2.0,0.0,0.0,0.0,0.0,0.0,0.0,0.0,0.0,91978.0,1517992.0,10.402,0.63,86824.0,0.595,0.022,44.7,tests performed,0.0,0.0,0.0,0.0,0.0,0.0,0.0,0.0,0.0,85.19,145934460.0,8.823,39.6,14.178,9.393,24765.954,0.1,431.297,6.18,23.4,58.3,0.0,8.05,72.58,0.816
RUS,Europe,Russia,2020-04-15,24490.0,3388.0,2259.714,198.0,28.0,19.286,167.815,23.216,15.484,1.357,0.192,0.132,1.97,0.0,0.0,0.0,0.0,0.0,0.0,0.0,0.0,95421.0,1613413.0,11.056,0.654,86956.0,0.596,0.026,38.5,tests performed,0.0,0.0,0.0,0.0,0.0,0.0,0.0,0.0,0.0,85.19,145934460.0,8.823,39.6,14.178,9.393,24765.954,0.1,431.297,6.18,23.4,58.3,0.0,8.05,72.58,0.816
RUS,Europe,Russia,2020-04-16,27938.0,3448.0,2543.857,232.0,34.0,22.286,191.442,23.627,17.432,1.59,0.233,0.153,1.93,0.0,0.0,0.0,0.0,0.0,0.0,0.0,0.0,104606.0,1718019.0,11.773,0.717,89315.0,0.612,0.028,35.1,tests performed,0.0,0.0,0.0,0.0,0.0,0.0,0.0,0.0,0.0,85.19,145934460.0,8.823,39.6,14.178,9.393,24765.954,0.1,431.297,6.18,23.4,58.3,0.0,8.05,72.58,0.816
RUS,Europe,Russia,2020-04-17,32008.0,4070.0,2870.143,273.0,41.0,25.571,219.331,27.889,19.667,1.871,0.281,0.175,1.9,0.0,0.0,0.0,0.0,0.0,0.0,0.0,0.0,113873.0,1831892.0,12.553,0.78,92493.0,0.634,0.031,32.2,tests performed,0.0,0.0,0.0,0.0,0.0,0.0,0.0,0.0,0.0,85.19,145934460.0,8.823,39.6,14.178,9.393,24765.954,0.1,431.297,6.18,23.4,58.3,0.0,8.05,72.58,0.816
RUS,Europe,Russia,2020-04-18,36793.0,4785.0,3315.571,313.0,40.0,29.571,252.12,32.789,22.72,2.145,0.274,0.203,1.86,0.0,0.0,0.0,0.0,0.0,0.0,0.0,0.0,117921.0,1949813.0,13.361,0.808,95867.0,0.657,0.035,28.9,tests performed,0.0,0.0,0.0,0.0,0.0,0.0,0.0,0.0,0.0,85.19,145934460.0,8.823,39.6,14.178,9.393,24765.954,0.1,431.297,6.18,23.4,58.3,0.0,8.05,72.58,0.816
RUS,Europe,Russia,2020-04-19,42853.0,6060.0,3869.0,361.0,48.0,33.0,293.646,41.525,26.512,2.474,0.329,0.226,1.8,0.0,0.0,0.0,0.0,0.0,0.0,0.0,0.0,103506.0,2053319.0,14.07,0.709,99047.0,0.679,0.039,25.6,tests performed,0.0,0.0,0.0,0.0,0.0,0.0,0.0,0.0,0.0,85.19,145934460.0,8.823,39.6,14.178,9.393,24765.954,0.1,431.297,6.18,23.4,58.3,0.0,8.05,72.58,0.816
RUS,Europe,Russia,2020-04-20,47121.0,4268.0,4113.286,405.0,44.0,36.714,322.892,29.246,28.186,2.775,0.302,0.252,1.69,0.0,0.0,0.0,0.0,0.0,0.0,0.0,0.0,89285.0,2142604.0,14.682,0.612,102370.0,0.701,0.04,24.9,tests performed,0.0,0.0,0.0,0.0,0.0,0.0,0.0,0.0,0.0,85.19,145934460.0,8.823,39.6,14.178,9.393,24765.954,0.1,431.297,6.18,23.4,58.3,0.0,8.05,72.58,0.816
RUS,Europe,Russia,2020-04-21,52763.0,5642.0,4523.0,456.0,51.0,40.857,361.553,38.661,30.993,3.125,0.349,0.28,1.63,0.0,0.0,0.0,0.0,0.0,0.0,0.0,0.0,109935.0,2252539.0,15.435,0.753,104935.0,0.719,0.043,23.2,tests performed,0.0,0.0,0.0,0.0,0.0,0.0,0.0,0.0,0.0,85.19,145934460.0,8.823,39.6,14.178,9.393,24765.954,0.1,431.297,6.18,23.4,58.3,0.0,8.05,72.58,0.816
RUS,Europe,Russia,2020-04-22,57999.0,5236.0,4787.0,513.0,57.0,45.0,397.432,35.879,32.802,3.515,0.391,0.308,1.55,0.0,0.0,0.0,0.0,0.0,0.0,0.0,0.0,149077.0,2401616.0,16.457,1.022,112600.0,0.772,0.043,23.5,tests performed,0.0,0.0,0.0,0.0,0.0,0.0,0.0,0.0,0.0,85.19,145934460.0,8.823,39.6,14.178,9.393,24765.954,0.1,431.297,6.18,23.4,58.3,0.0,8.05,72.58,0.816
RUS,Europe,Russia,2020-04-23,62773.0,4774.0,4976.429,555.0,42.0,46.143,430.145,32.713,34.1,3.803,0.288,0.316,1.49,0.0,0.0,0.0,0.0,0.0,0.0,0.0,0.0,150384.0,2552000.0,17.487,1.03,119140.0,0.816,0.042,23.9,tests performed,0.0,0.0,0.0,0.0,0.0,0.0,0.0,0.0,0.0,85.19,145934460.0,8.823,39.6,14.178,9.393,24765.954,0.1,431.297,6.18,23.4,58.3,0.0,8.05,72.58,0.816
RUS,Europe,Russia,2020-04-24,68622.0,5849.0,5230.571,615.0,60.0,48.857,470.225,40.08,35.842,4.214,0.411,0.335,1.46,0.0,0.0,0.0,0.0,0.0,0.0,0.0,0.0,169500.0,2721500.0,18.649,1.161,127087.0,0.871,0.041,24.3,tests performed,0.0,0.0,0.0,0.0,0.0,0.0,0.0,0.0,0.0,85.19,145934460.0,8.823,39.6,14.178,9.393,24765.954,0.1,431.297,6.18,23.4,58.3,0.0,8.05,72.58,0.816
RUS,Europe,Russia,2020-04-25,74588.0,5966.0,5399.286,681.0,66.0,52.571,511.106,40.881,36.998,4.666,0.452,0.36,1.43,0.0,0.0,0.0,0.0,0.0,0.0,0.0,0.0,156199.0,2877699.0,19.719,1.07,132555.0,0.908,0.041,24.6,tests performed,0.0,0.0,0.0,0.0,0.0,0.0,0.0,0.0,0.0,85.19,145934460.0,8.823,39.6,14.178,9.393,24765.954,0.1,431.297,6.18,23.4,58.3,0.0,8.05,72.58,0.816
RUS,Europe,Russia,2020-04-26,80949.0,6361.0,5442.286,747.0,66.0,55.143,554.694,43.588,37.293,5.119,0.452,0.378,1.41,0.0,0.0,0.0,0.0,0.0,0.0,0.0,0.0,141735.0,3019434.0,20.69,0.971,138016.0,0.946,0.039,25.4,tests performed,0.0,0.0,0.0,0.0,0.0,0.0,0.0,0.0,0.0,85.19,145934460.0,8.823,39.6,14.178,9.393,24765.954,0.1,431.297,6.18,23.4,58.3,0.0,8.05,72.58,0.816
RUS,Europe,Russia,2020-04-27,87147.0,6198.0,5718.0,794.0,47.0,55.571,597.165,42.471,39.182,5.441,0.322,0.381,1.38,0.0,0.0,0.0,0.0,0.0,0.0,0.0,0.0,119824.0,3139258.0,21.511,0.821,142379.0,0.976,0.04,24.9,tests performed,0.0,0.0,0.0,0.0,0.0,0.0,0.0,0.0,0.0,85.19,145934460.0,8.823,39.6,14.178,9.393,24765.954,0.1,431.297,6.18,23.4,58.3,0.0,8.05,72.58,0.816
RUS,Europe,Russia,2020-04-28,93558.0,6411.0,5827.857,867.0,73.0,58.714,641.096,43.931,39.935,5.941,0.5,0.402,1.37,0.0,0.0,0.0,0.0,0.0,0.0,0.0,0.0,164459.0,3303717.0,22.638,1.127,150168.0,1.029,0.039,25.8,tests performed,0.0,0.0,0.0,0.0,0.0,0.0,0.0,0.0,0.0,85.19,145934460.0,8.823,39.6,14.178,9.393,24765.954,0.1,431.297,6.18,23.4,58.3,0.0,8.05,72.58,0.816
RUS,Europe,Russia,2020-04-29,99399.0,5841.0,5914.286,972.0,105.0,65.571,681.121,40.025,40.527,6.661,0.72,0.449,1.36,0.0,0.0,0.0,0.0,0.0,0.0,0.0,0.0,194591.0,3498308.0,23.972,1.333,156670.0,1.074,0.038,26.5,tests performed,0.0,0.0,0.0,0.0,0.0,0.0,0.0,0.0,0.0,85.19,145934460.0,8.823,39.6,14.178,9.393,24765.954,0.1,431.297,6.18,23.4,58.3,0.0,8.05,72.58,0.816
RUS,Europe,Russia,2020-04-30,106498.0,7099.0,6246.429,1073.0,101.0,74.0,729.766,48.645,42.803,7.353,0.692,0.507,1.38,0.0,0.0,0.0,0.0,0.0,0.0,0.0,0.0,225499.0,3723807.0,25.517,1.545,167401.0,1.147,0.037,26.8,tests performed,0.0,0.0,0.0,0.0,0.0,0.0,0.0,0.0,0.0,85.19,145934460.0,8.823,39.6,14.178,9.393,24765.954,0.1,431.297,6.18,23.4,58.3,0.0,8.05,72.58,0.816
RUS,Europe,Russia,2020-05-01,114431.0,7933.0,6544.143,1169.0,96.0,79.143,784.126,54.36,44.843,8.01,0.658,0.542,1.41,0.0,0.0,0.0,0.0,0.0,0.0,0.0,0.0,221711.0,3945518.0,27.036,1.519,174860.0,1.198,0.037,26.7,tests performed,0.0,0.0,0.0,0.0,0.0,0.0,0.0,0.0,0.0,85.19,145934460.0,8.823,39.6,14.178,9.393,24765.954,0.1,431.297,6.18,23.4,58.3,0.0,8.05,72.58,0.816
RUS,Europe,Russia,2020-05-02,124054.0,9623.0,7066.571,1222.0,53.0,77.286,850.067,65.941,48.423,8.374,0.363,0.53,1.43,0.0,0.0,0.0,0.0,0.0,0.0,0.0,0.0,154481.0,4099999.0,28.095,1.059,174614.0,1.197,0.04,24.7,tests performed,0.0,0.0,0.0,0.0,0.0,0.0,0.0,0.0,0.0,85.19,145934460.0,8.823,39.6,14.178,9.393,24765.954,0.1,431.297,6.18,23.4,58.3,0.0,8.05,72.58,0.816
RUS,Europe,Russia,2020-05-03,134687.0,10633.0,7676.857,1280.0,58.0,76.143,922.928,72.861,52.605,8.771,0.397,0.522,1.43,0.0,0.0,0.0,0.0,0.0,0.0,0.0,0.0,203244.0,4303243.0,29.488,1.393,183401.0,1.257,0.042,23.9,tests performed,0.0,0.0,0.0,0.0,0.0,0.0,0.0,0.0,0.0,85.19,145934460.0,8.823,39.6,14.178,9.393,24765.954,0.1,431.297,6.18,23.4,58.3,0.0,8.05,72.58,0.816
RUS,Europe,Russia,2020-05-04,145268.0,10581.0,8303.0,1356.0,76.0,80.286,995.433,72.505,56.895,9.292,0.521,0.55,1.41,0.0,0.0,0.0,0.0,0.0,0.0,0.0,0.0,157114.0,4460357.0,30.564,1.077,188728.0,1.293,0.044,22.7,tests performed,0.0,0.0,0.0,0.0,0.0,0.0,0.0,0.0,0.0,85.19,145934460.0,8.823,39.6,14.178,9.393,24765.954,0.1,431.297,6.18,23.4,58.3,0.0,8.05,72.58,0.816
RUS,Europe,Russia,2020-05-05,155370.0,10102.0,8830.286,1451.0,95.0,83.429,1064.656,69.223,60.509,9.943,0.651,0.572,1.37,0.0,0.0,0.0,0.0,0.0,0.0,0.0,0.0,173374.0,4633731.0,31.752,1.188,190002.0,1.302,0.046,21.5,tests performed,0.0,0.0,0.0,0.0,0.0,0.0,0.0,0.0,0.0,85.19,145934460.0,8.823,39.6,14.178,9.393,24765.954,0.1,431.297,6.18,23.4,58.3,0.0,8.05,72.58,0.816
RUS,Europe,Russia,2020-05-06,165929.0,10559.0,9504.286,1537.0,86.0,80.714,1137.01,72.354,65.127,10.532,0.589,0.553,1.34,0.0,0.0,0.0,0.0,0.0,0.0,0.0,0.0,169461.0,4803192.0,32.913,1.161,186412.0,1.277,0.051,19.6,tests performed,0.0,0.0,0.0,0.0,0.0,0.0,0.0,0.0,0.0,85.19,145934460.0,8.823,39.6,14.178,9.393,24765.954,0.1,431.297,6.18,23.4,58.3,0.0,8.05,72.58,0.816
RUS,Europe,Russia,2020-05-07,177160.0,11231.0,10094.571,1625.0,88.0,78.857,1213.97,76.959,69.172,11.135,0.603,0.54,1.3,0.0,0.0,0.0,0.0,0.0,0.0,0.0,0.0,184276.0,4987468.0,34.176,1.263,180523.0,1.237,0.056,17.9,tests performed,0.0,0.0,0.0,0.0,0.0,0.0,0.0,0.0,0.0,85.19,145934460.0,8.823,39.6,14.178,9.393,24765.954,0.1,431.297,6.18,23.4,58.3,0.0,8.05,72.58,0.816
RUS,Europe,Russia,2020-05-08,187859.0,10699.0,10489.714,1723.0,98.0,79.143,1287.283,73.314,71.88,11.807,0.672,0.542,1.26,0.0,0.0,0.0,0.0,0.0,0.0,0.0,0.0,234496.0,5221964.0,35.783,1.607,182349.0,1.25,0.058,17.4,tests performed,0.0,0.0,0.0,0.0,0.0,0.0,0.0,0.0,0.0,85.19,145934460.0,8.823,39.6,14.178,9.393,24765.954,0.1,431.297,6.18,23.4,58.3,0.0,8.05,72.58,0.816
RUS,Europe,Russia,2020-05-09,198676.0,10817.0,10660.286,1827.0,104.0,86.429,1361.406,74.122,73.048,12.519,0.713,0.592,1.23,0.0,0.0,0.0,0.0,0.0,0.0,0.0,0.0,226499.0,5448463.0,37.335,1.552,192638.0,1.32,0.055,18.1,tests performed,0.0,0.0,0.0,0.0,0.0,0.0,0.0,0.0,0.0,85.19,145934460.0,8.823,39.6,14.178,9.393,24765.954,0.1,431.297,6.18,23.4,58.3,0.0,8.05,72.58,0.816
RUS,Europe,Russia,2020-05-10,209688.0,11012.0,10714.429,1915.0,88.0,90.714,1436.864,75.459,73.419,13.122,0.603,0.622,1.19,0.0,0.0,0.0,0.0,0.0,0.0,0.0,0.0,188300.0,5636763.0,38.625,1.29,190503.0,1.305,0.056,17.8,tests performed,0.0,0.0,0.0,0.0,0.0,0.0,0.0,0.0,0.0,85.19,145934460.0,8.823,39.6,14.178,9.393,24765.954,0.1,431.297,6.18,23.4,58.3,0.0,8.05,72.58,0.816
RUS,Europe,Russia,2020-05-11,221344.0,11656.0,10868.0,2009.0,94.0,93.286,1516.736,79.871,74.472,13.766,0.644,0.639,1.16,0.0,0.0,0.0,0.0,0.0,0.0,0.0,0.0,168641.0,5805404.0,39.781,1.156,192150.0,1.317,0.057,17.7,tests performed,0.0,0.0,0.0,0.0,0.0,0.0,0.0,0.0,0.0,85.19,145934460.0,8.823,39.6,14.178,9.393,24765.954,0.1,431.297,6.18,23.4,58.3,0.0,8.05,72.58,0.816
RUS,Europe,Russia,2020-05-12,232243.0,10899.0,10981.857,2116.0,107.0,95.0,1591.42,74.684,75.252,14.5,0.733,0.651,1.12,0.0,0.0,0.0,0.0,0.0,0.0,0.0,0.0,177154.0,5982558.0,40.995,1.214,192690.0,1.32,0.057,17.5,tests performed,0.0,0.0,0.0,0.0,0.0,0.0,0.0,0.0,0.0,78.24,145934460.0,8.823,39.6,14.178,9.393,24765.954,0.1,431.297,6.18,23.4,58.3,0.0,8.05,72.58,0.816
RUS,Europe,Russia,2020-05-13,242271.0,10028.0,10906.0,2212.0,96.0,96.429,1660.136,68.716,74.732,15.157,0.658,0.661,1.08,0.0,0.0,0.0,0.0,0.0,0.0,0.0,0.0,205544.0,6188102.0,42.403,1.408,197844.0,1.356,0.055,18.1,tests performed,0.0,0.0,0.0,0.0,0.0,0.0,0.0,0.0,0.0,78.24,145934460.0,8.823,39.6,14.178,9.393,24765.954,0.1,431.297,6.18,23.4,58.3,0.0,8.05,72.58,0.816
RUS,Europe,Russia,2020-05-14,252245.0,9974.0,10726.429,2305.0,93.0,97.143,1728.481,68.346,73.502,15.795,0.637,0.666,1.05,0.0,0.0,0.0,0.0,0.0,0.0,0.0,0.0,225846.0,6413948.0,43.951,1.548,203783.0,1.396,0.053,19.0,tests performed,0.0,0.0,0.0,0.0,0.0,0.0,0.0,0.0,0.0,78.24,145934460.0,8.823,39.6,14.178,9.393,24765.954,0.1,431.297,6.18,23.4,58.3,0.0,8.05,72.58,0.816
RUS,Europe,Russia,2020-05-15,262843.0,10598.0,10712.0,2418.0,113.0,99.286,1801.103,72.622,73.403,16.569,0.774,0.68,1.03,0.0,0.0,0.0,0.0,0.0,0.0,0.0,0.0,242392.0,6656340.0,45.612,1.661,204911.0,1.404,0.052,19.1,tests performed,0.0,0.0,0.0,0.0,0.0,0.0,0.0,0.0,0.0,78.24,145934460.0,8.823,39.6,14.178,9.393,24765.954,0.1,431.297,6.18,23.4,58.3,0.0,8.05,72.58,0.816
RUS,Europe,Russia,2020-05-16,272043.0,9200.0,10481.0,2537.0,119.0,101.429,1864.145,63.042,71.82,17.385,0.815,0.695,1.0,0.0,0.0,0.0,0.0,0.0,0.0,0.0,0.0,259748.0,6916088.0,47.392,1.78,209661.0,1.437,0.05,20.0,tests performed,0.0,0.0,0.0,0.0,0.0,0.0,0.0,0.0,0.0,78.24,145934460.0,8.823,39.6,14.178,9.393,24765.954,0.1,431.297,6.18,23.4,58.3,0.0,8.05,72.58,0.816
RUS,Europe,Russia,2020-05-17,281752.0,9709.0,10294.857,2631.0,94.0,102.286,1930.675,66.53,70.544,18.029,0.644,0.701,0.99,0.0,0.0,0.0,0.0,0.0,0.0,0.0,0.0,230926.0,7147014.0,48.974,1.582,215750.0,1.478,0.048,21.0,tests performed,0.0,0.0,0.0,0.0,0.0,0.0,0.0,0.0,0.0,78.24,145934460.0,8.823,39.6,14.178,9.393,24765.954,0.1,431.297,6.18,23.4,58.3,0.0,8.05,72.58,0.816
RUS,Europe,Russia,2020-05-18,290678.0,8926.0,9904.857,2722.0,91.0,101.857,1991.839,61.164,67.872,18.652,0.624,0.698,0.97,0.0,0.0,0.0,0.0,0.0,0.0,0.0,0.0,205302.0,7352316.0,50.381,1.407,220987.0,1.514,0.045,22.3,tests performed,0.0,0.0,0.0,0.0,0.0,0.0,0.0,0.0,0.0,78.24,145934460.0,8.823,39.6,14.178,9.393,24765.954,0.1,431.297,6.18,23.4,58.3,0.0,8.05,72.58,0.816
RUS,Europe,Russia,2020-05-19,299941.0,9263.0,9671.143,2837.0,115.0,103.0,2055.313,63.474,66.27,19.44,0.788,0.706,0.96,0.0,0.0,0.0,0.0,0.0,0.0,0.0,0.0,225713.0,7578029.0,51.928,1.547,227924.0,1.562,0.042,23.6,tests performed,0.0,0.0,0.0,0.0,0.0,0.0,0.0,0.0,0.0,78.24,145934460.0,8.823,39.6,14.178,9.393,24765.954,0.1,431.297,6.18,23.4,58.3,0.0,8.05,72.58,0.816
RUS,Europe,Russia,2020-05-20,308705.0,8764.0,9490.571,2972.0,135.0,108.571,2115.367,60.054,65.033,20.365,0.925,0.744,0.95,0.0,0.0,0.0,0.0,0.0,0.0,0.0,0.0,262851.0,7840880.0,53.729,1.801,236111.0,1.618,0.04,24.9,tests performed,0.0,0.0,0.0,0.0,0.0,0.0,0.0,0.0,0.0,78.24,145934460.0,8.823,39.6,14.178,9.393,24765.954,0.1,431.297,6.18,23.4,58.3,0.0,8.05,72.58,0.816
RUS,Europe,Russia,2020-05-21,317554.0,8849.0,9329.857,3099.0,127.0,113.429,2176.004,60.637,63.932,21.236,0.87,0.777,0.95,0.0,0.0,0.0,0.0,0.0,0.0,0.0,0.0,285746.0,8126626.0,55.687,1.958,244668.0,1.677,0.038,26.2,tests performed,0.0,0.0,0.0,0.0,0.0,0.0,0.0,0.0,0.0,78.24,145934460.0,8.823,39.6,14.178,9.393,24765.954,0.1,431.297,6.18,23.4,58.3,0.0,8.05,72.58,0.816
RUS,Europe,Russia,2020-05-22,326448.0,8894.0,9086.429,3249.0,150.0,118.714,2236.949,60.945,62.264,22.263,1.028,0.813,0.95,0.0,0.0,0.0,0.0,0.0,0.0,0.0,0.0,276121.0,8402747.0,57.579,1.892,249487.0,1.71,0.036,27.5,tests performed,0.0,0.0,0.0,0.0,0.0,0.0,0.0,0.0,0.0,78.24,145934460.0,8.823,39.6,14.178,9.393,24765.954,0.1,431.297,6.18,23.4,58.3,0.0,8.05,72.58,0.816
RUS,Europe,Russia,2020-05-23,335882.0,9434.0,9119.857,3388.0,139.0,121.571,2301.595,64.645,62.493,23.216,0.952,0.833,0.96,0.0,0.0,0.0,0.0,0.0,0.0,0.0,0.0,282558.0,8685305.0,59.515,1.936,252745.0,1.732,0.036,27.7,tests performed,0.0,0.0,0.0,0.0,0.0,0.0,0.0,0.0,0.0,78.24,145934460.0,8.823,39.6,14.178,9.393,24765.954,0.1,431.297,6.18,23.4,58.3,0.0,8.05,72.58,0.816
RUS,Europe,Russia,2020-05-24,344481.0,8599.0,8961.286,3541.0,153.0,130.0,2360.519,58.924,61.406,24.264,1.048,0.891,0.95,0.0,0.0,0.0,0.0,0.0,0.0,0.0,0.0,260079.0,8945384.0,61.297,1.782,256910.0,1.76,0.035,28.7,tests performed,0.0,0.0,0.0,0.0,0.0,0.0,0.0,0.0,0.0,78.24,145934460.0,8.823,39.6,14.178,9.393,24765.954,0.1,431.297,6.18,23.4,58.3,0.0,8.05,72.58,0.816
RUS,Europe,Russia,2020-05-25,353427.0,8946.0,8964.143,3633.0,92.0,130.143,2421.82,61.301,61.426,24.895,0.63,0.892,0.96,0.0,0.0,0.0,0.0,0.0,0.0,0.0,0.0,215206.0,9160590.0,62.772,1.475,258325.0,1.77,0.035,28.8,tests performed,0.0,0.0,0.0,0.0,0.0,0.0,0.0,0.0,0.0,78.24,145934460.0,8.823,39.6,14.178,9.393,24765.954,0.1,431.297,6.18,23.4,58.3,0.0,8.05,72.58,0.816
RUS,Europe,Russia,2020-05-26,362342.0,8915.0,8914.429,3807.0,174.0,138.571,2482.909,61.089,61.085,26.087,1.192,0.95,0.96,0.0,0.0,0.0,0.0,0.0,0.0,0.0,0.0,255402.0,9415992.0,64.522,1.75,262566.0,1.799,0.034,29.5,tests performed,0.0,0.0,0.0,0.0,0.0,0.0,0.0,0.0,0.0,78.24,145934460.0,8.823,39.6,14.178,9.393,24765.954,0.1,431.297,6.18,23.4,58.3,0.0,8.05,72.58,0.816
RUS,Europe,Russia,2020-05-27,370680.0,8338.0,8853.571,3968.0,161.0,142.286,2540.044,57.135,60.668,27.19,1.103,0.975,0.95,0.0,0.0,0.0,0.0,0.0,0.0,0.0,0.0,285288.0,9701280.0,66.477,1.955,265771.0,1.821,0.033,30.0,tests performed,0.0,0.0,0.0,0.0,0.0,0.0,0.0,0.0,0.0,78.24,145934460.0,8.823,39.6,14.178,9.393,24765.954,0.1,431.297,6.18,23.4,58.3,0.0,8.05,72.58,0.816
RUS,Europe,Russia,2020-05-28,379051.0,8371.0,8785.286,4142.0,174.0,149.0,2597.406,57.361,60.2,28.383,1.192,1.021,0.96,0.0,0.0,0.0,0.0,0.0,0.0,0.0,0.0,298781.0,10000061.0,68.524,2.047,267634.0,1.834,0.033,30.5,tests performed,0.0,0.0,0.0,0.0,0.0,0.0,0.0,0.0,0.0,78.24,145934460.0,8.823,39.6,14.178,9.393,24765.954,0.1,431.297,6.18,23.4,58.3,0.0,8.05,72.58,0.816
RUS,Europe,Russia,2020-05-29,387623.0,8572.0,8739.286,4374.0,232.0,160.714,2656.144,58.739,59.885,29.972,1.59,1.101,0.97,0.0,0.0,0.0,0.0,0.0,0.0,0.0,0.0,316139.0,10316200.0,70.691,2.166,273350.0,1.873,0.032,31.3,tests performed,0.0,0.0,0.0,0.0,0.0,0.0,0.0,0.0,0.0,78.24,145934460.0,8.823,39.6,14.178,9.393,24765.954,0.1,431.297,6.18,23.4,58.3,0.0,8.05,72.58,0.816
RUS,Europe,Russia,2020-05-30,396575.0,8952.0,8670.429,4555.0,181.0,166.714,2717.487,61.343,59.413,31.213,1.24,1.142,0.97,0.0,0.0,0.0,0.0,0.0,0.0,0.0,0.0,326924.0,10643124.0,72.931,2.24,279688.0,1.917,0.031,32.3,tests performed,0.0,0.0,0.0,0.0,0.0,0.0,0.0,0.0,0.0,78.24,145934460.0,8.823,39.6,14.178,9.393,24765.954,0.1,431.297,6.18,23.4,58.3,0.0,8.05,72.58,0.816
RUS,Europe,Russia,2020-05-31,405843.0,9268.0,8766.0,4693.0,138.0,164.571,2780.995,63.508,60.068,32.158,0.946,1.128,0.98,0.0,0.0,0.0,0.0,0.0,0.0,0.0,0.0,279984.0,10923108.0,74.849,1.919,282532.0,1.936,0.031,32.2,tests performed,0.0,0.0,0.0,0.0,0.0,0.0,0.0,0.0,0.0,78.24,145934460.0,8.823,39.6,14.178,9.393,24765.954,0.1,431.297,6.18,23.4,58.3,0.0,8.05,72.58,0.816
RUS,Europe,Russia,2020-06-01,414328.0,8485.0,8700.143,4849.0,156.0,173.714,2839.138,58.143,59.617,33.227,1.069,1.19,0.98,0.0,0.0,0.0,0.0,0.0,0.0,0.0,0.0,228514.0,11151622.0,76.415,1.566,284433.0,1.949,0.031,32.7,tests performed,0.0,0.0,0.0,0.0,0.0,0.0,0.0,0.0,0.0,74.54,145934460.0,8.823,39.6,14.178,9.393,24765.954,0.1,431.297,6.18,23.4,58.3,0.0,8.05,72.58,0.816
RUS,Europe,Russia,2020-06-02,423186.0,8858.0,8692.0,5031.0,182.0,174.857,2899.836,60.698,59.561,34.474,1.247,1.198,0.98,0.0,0.0,0.0,0.0,0.0,0.0,0.0,0.0,274423.0,11426045.0,78.296,1.88,287150.0,1.968,0.03,33.0,tests performed,0.0,0.0,0.0,0.0,0.0,0.0,0.0,0.0,0.0,74.54,145934460.0,8.823,39.6,14.178,9.393,24765.954,0.1,431.297,6.18,23.4,58.3,0.0,8.05,72.58,0.816
RUS,Europe,Russia,2020-06-03,431715.0,8529.0,8719.286,5208.0,177.0,177.143,2958.28,58.444,59.748,35.687,1.213,1.214,0.98,0.0,0.0,0.0,0.0,0.0,0.0,0.0,0.0,307006.0,11733051.0,80.399,2.104,290253.0,1.989,0.03,33.3,tests performed,0.0,0.0,0.0,0.0,0.0,0.0,0.0,0.0,0.0,74.54,145934460.0,8.823,39.6,14.178,9.393,24765.954,0.1,431.297,6.18,23.4,58.3,0.0,8.05,72.58,0.816
RUS,Europe,Russia,2020-06-04,440538.0,8823.0,8783.857,5376.0,168.0,176.286,3018.739,60.459,60.19,36.838,1.151,1.208,0.99,0.0,0.0,0.0,0.0,0.0,0.0,0.0,0.0,320612.0,12053663.0,82.596,2.197,293372.0,2.01,0.03,33.4,tests performed,0.0,0.0,0.0,0.0,0.0,0.0,0.0,0.0,0.0,74.54,145934460.0,8.823,39.6,14.178,9.393,24765.954,0.1,431.297,6.18,23.4,58.3,0.0,8.05,72.58,0.816
RUS,Europe,Russia,2020-06-05,449256.0,8718.0,8804.714,5520.0,144.0,163.714,3078.478,59.739,60.333,37.825,0.987,1.122,0.99,0.0,0.0,0.0,0.0,0.0,0.0,0.0,0.0,335305.0,12388968.0,84.894,2.298,296110.0,2.029,0.03,33.6,tests performed,0.0,0.0,0.0,0.0,0.0,0.0,0.0,0.0,0.0,74.54,145934460.0,8.823,39.6,14.178,9.393,24765.954,0.1,431.297,6.18,23.4,58.3,0.0,8.05,72.58,0.816
RUS,Europe,Russia,2020-06-06,458102.0,8846.0,8789.571,5717.0,197.0,166.0,3139.094,60.616,60.23,39.175,1.35,1.137,0.99,0.0,0.0,0.0,0.0,0.0,0.0,0.0,0.0,332581.0,12721549.0,87.173,2.279,296918.0,2.035,0.03,33.8,tests performed,0.0,0.0,0.0,0.0,0.0,0.0,0.0,0.0,0.0,74.54,145934460.0,8.823,39.6,14.178,9.393,24765.954,0.1,431.297,6.18,23.4,58.3,0.0,8.05,72.58,0.816
RUS,Europe,Russia,2020-06-07,467073.0,8971.0,8747.143,5851.0,134.0,165.429,3200.567,61.473,59.939,40.093,0.918,1.134,0.99,0.0,0.0,0.0,0.0,0.0,0.0,0.0,0.0,294474.0,13016023.0,89.191,2.018,298988.0,2.049,0.029,34.2,tests performed,0.0,0.0,0.0,0.0,0.0,0.0,0.0,0.0,0.0,74.54,145934460.0,8.823,39.6,14.178,9.393,24765.954,0.1,431.297,6.18,23.4,58.3,0.0,8.05,72.58,0.816
RUS,Europe,Russia,2020-06-08,476043.0,8970.0,8816.429,5963.0,112.0,159.143,3262.033,61.466,60.414,40.861,0.767,1.091,0.99,0.0,0.0,0.0,0.0,0.0,0.0,0.0,0.0,238655.0,13254678.0,90.826,1.635,300437.0,2.059,0.029,34.1,tests performed,0.0,0.0,0.0,0.0,0.0,0.0,0.0,0.0,0.0,74.54,145934460.0,8.823,39.6,14.178,9.393,24765.954,0.1,431.297,6.18,23.4,58.3,0.0,8.05,72.58,0.816
RUS,Europe,Russia,2020-06-09,484630.0,8587.0,8777.714,6134.0,171.0,157.571,3320.874,58.841,60.148,42.033,1.172,1.08,0.99,0.0,0.0,0.0,0.0,0.0,0.0,0.0,0.0,290625.0,13545303.0,92.818,1.991,302751.0,2.075,0.029,34.5,tests performed,0.0,0.0,0.0,0.0,0.0,0.0,0.0,0.0,0.0,74.54,145934460.0,8.823,39.6,14.178,9.393,24765.954,0.1,431.297,6.18,23.4,58.3,0.0,8.05,72.58,0.816
RUS,Europe,Russia,2020-06-10,493023.0,8393.0,8758.286,6350.0,216.0,163.143,3378.386,57.512,60.015,43.513,1.48,1.118,0.98,0.0,0.0,0.0,0.0,0.0,0.0,0.0,0.0,329794.0,13875097.0,95.078,2.26,306007.0,2.097,0.029,34.9,tests performed,0.0,0.0,0.0,0.0,0.0,0.0,0.0,0.0,0.0,74.54,145934460.0,8.823,39.6,14.178,9.393,24765.954,0.1,431.297,6.18,23.4,58.3,0.0,8.05,72.58,0.816
RUS,Europe,Russia,2020-06-11,501800.0,8777.0,8751.714,6522.0,172.0,163.714,3438.53,60.143,59.97,44.691,1.179,1.122,0.98,0.0,0.0,0.0,0.0,0.0,0.0,0.0,0.0,343577.0,14218674.0,97.432,2.354,309287.0,2.119,0.028,35.3,tests performed,0.0,0.0,0.0,0.0,0.0,0.0,0.0,0.0,0.0,74.54,145934460.0,8.823,39.6,14.178,9.393,24765.954,0.1,431.297,6.18,23.4,58.3,0.0,8.05,72.58,0.816
RUS,Europe,Russia,2020-06-12,510761.0,8961.0,8786.429,6705.0,183.0,169.286,3499.934,61.404,60.208,45.945,1.254,1.16,0.98,0.0,0.0,0.0,0.0,0.0,0.0,0.0,0.0,355443.0,14574117.0,99.868,2.436,312164.0,2.139,0.028,35.5,tests performed,0.0,0.0,0.0,0.0,0.0,0.0,0.0,0.0,0.0,74.54,145934460.0,8.823,39.6,14.178,9.393,24765.954,0.1,431.297,6.18,23.4,58.3,0.0,8.05,72.58,0.816
RUS,Europe,Russia,2020-06-13,519458.0,8697.0,8765.143,6819.0,114.0,157.429,3559.529,59.595,60.062,46.726,0.781,1.079,0.98,0.0,0.0,0.0,0.0,0.0,0.0,0.0,0.0,306055.0,14880172.0,101.965,2.097,308375.0,2.113,0.028,35.2,tests performed,0.0,0.0,0.0,0.0,0.0,0.0,0.0,0.0,0.0,74.54,145934460.0,8.823,39.6,14.178,9.393,24765.954,0.1,431.297,6.18,23.4,58.3,0.0,8.05,72.58,0.816
RUS,Europe,Russia,2020-06-14,528267.0,8809.0,8742.0,6938.0,119.0,155.286,3619.892,60.363,59.904,47.542,0.815,1.064,0.97,0.0,0.0,0.0,0.0,0.0,0.0,0.0,0.0,280980.0,15161152.0,103.89,1.925,306447.0,2.1,0.029,35.1,tests performed,0.0,0.0,0.0,0.0,0.0,0.0,0.0,0.0,0.0,74.54,145934460.0,8.823,39.6,14.178,9.393,24765.954,0.1,431.297,6.18,23.4,58.3,0.0,8.05,72.58,0.816
RUS,Europe,Russia,2020-06-15,536484.0,8217.0,8634.429,7081.0,143.0,159.714,3676.198,56.306,59.166,48.522,0.98,1.094,0.96,0.0,0.0,0.0,0.0,0.0,0.0,0.0,0.0,234265.0,15395417.0,105.495,1.605,305820.0,2.096,0.028,35.4,tests performed,0.0,0.0,0.0,0.0,0.0,0.0,0.0,0.0,0.0,74.54,145934460.0,8.823,39.6,14.178,9.393,24765.954,0.1,431.297,6.18,23.4,58.3,0.0,8.05,72.58,0.816
RUS,Europe,Russia,2020-06-16,544725.0,8241.0,8585.0,7274.0,193.0,162.857,3732.669,56.471,58.828,49.844,1.323,1.116,0.95,0.0,0.0,0.0,0.0,0.0,0.0,0.0,0.0,284307.0,15679724.0,107.444,1.948,304917.0,2.089,0.028,35.5,tests performed,0.0,0.0,0.0,0.0,0.0,0.0,0.0,0.0,0.0,74.54,145934460.0,8.823,39.6,14.178,9.393,24765.954,0.1,431.297,6.18,23.4,58.3,0.0,8.05,72.58,0.816
RUS,Europe,Russia,2020-06-17,552549.0,7824.0,8503.714,7468.0,194.0,159.714,3786.282,53.613,58.271,51.174,1.329,1.094,0.94,0.0,0.0,0.0,0.0,0.0,0.0,0.0,0.0,311973.0,15991697.0,109.581,2.138,302371.0,2.072,0.028,35.6,tests performed,0.0,0.0,0.0,0.0,0.0,0.0,0.0,0.0,0.0,74.54,145934460.0,8.823,39.6,14.178,9.393,24765.954,0.1,431.297,6.18,23.4,58.3,0.0,8.05,72.58,0.816
RUS,Europe,Russia,2020-06-18,560321.0,7772.0,8360.143,7650.0,182.0,161.143,3839.539,53.257,57.287,52.421,1.247,1.104,0.94,0.0,0.0,0.0,0.0,0.0,0.0,0.0,0.0,330267.0,16321964.0,111.844,2.263,300470.0,2.059,0.028,35.9,tests performed,0.0,0.0,0.0,0.0,0.0,0.0,0.0,0.0,0.0,74.54,145934460.0,8.823,39.6,14.178,9.393,24765.954,0.1,431.297,6.18,23.4,58.3,0.0,8.05,72.58,0.816
RUS,Europe,Russia,2020-06-19,568292.0,7971.0,8218.714,7831.0,181.0,160.857,3894.159,54.62,56.318,53.661,1.24,1.102,0.93,0.0,0.0,0.0,0.0,0.0,0.0,0.0,0.0,339323.0,16661287.0,114.17,2.325,298167.0,2.043,0.028,36.3,tests performed,0.0,0.0,0.0,0.0,0.0,0.0,0.0,0.0,0.0,74.54,145934460.0,8.823,39.6,14.178,9.393,24765.954,0.1,431.297,6.18,23.4,58.3,0.0,8.05,72.58,0.816
RUS,Europe,Russia,2020-06-20,576162.0,7870.0,8100.571,7992.0,161.0,167.571,3948.087,53.928,55.508,54.764,1.103,1.148,0.93,0.0,0.0,0.0,0.0,0.0,0.0,0.0,0.0,337166.0,16998453.0,116.48,2.31,302612.0,2.074,0.027,37.4,tests performed,0.0,0.0,0.0,0.0,0.0,0.0,0.0,0.0,0.0,74.54,145934460.0,8.823,39.6,14.178,9.393,24765.954,0.1,431.297,6.18,23.4,58.3,0.0,8.05,72.58,0.816
RUS,Europe,Russia,2020-06-21,583879.0,7717.0,7944.571,8101.0,109.0,166.143,4000.967,52.88,54.439,55.511,0.747,1.138,0.93,0.0,0.0,0.0,0.0,0.0,0.0,0.0,0.0,291238.0,17289691.0,118.476,1.996,304077.0,2.084,0.026,38.3,tests performed,0.0,0.0,0.0,0.0,0.0,0.0,0.0,0.0,0.0,74.54,145934460.0,8.823,39.6,14.178,9.393,24765.954,0.1,431.297,6.18,23.4,58.3,0.0,8.05,72.58,0.816
RUS,Europe,Russia,2020-06-22,591465.0,7586.0,7854.429,8196.0,95.0,159.286,4052.95,51.982,53.822,56.162,0.651,1.091,0.92,0.0,0.0,0.0,0.0,0.0,0.0,0.0,0.0,233061.0,17522752.0,120.073,1.597,303905.0,2.082,0.026,38.7,tests performed,0.0,0.0,0.0,0.0,0.0,0.0,0.0,0.0,0.0,74.54,145934460.0,8.823,39.6,14.178,9.393,24765.954,0.1,431.297,6.18,23.4,58.3,0.0,8.05,72.58,0.816
RUS,Europe,Russia,2020-06-23,598878.0,7413.0,7736.143,8349.0,153.0,153.571,4103.746,50.797,53.011,57.211,1.048,1.052,0.92,0.0,0.0,0.0,0.0,0.0,0.0,0.0,0.0,281203.0,17803955.0,122.0,1.927,303462.0,2.079,0.025,39.2,tests performed,0.0,0.0,0.0,0.0,0.0,0.0,0.0,0.0,0.0,70.83,145934460.0,8.823,39.6,14.178,9.393,24765.954,0.1,431.297,6.18,23.4,58.3,0.0,8.05,72.58,0.816
RUS,Europe,Russia,2020-06-24,606043.0,7165.0,7642.0,8503.0,154.0,147.857,4152.844,49.097,52.366,58.266,1.055,1.013,0.91,0.0,0.0,0.0,0.0,0.0,0.0,0.0,0.0,311875.0,18115830.0,124.137,2.137,303448.0,2.079,0.025,39.7,tests performed,0.0,0.0,0.0,0.0,0.0,0.0,0.0,0.0,0.0,70.83,145934460.0,8.823,39.6,14.178,9.393,24765.954,0.1,431.297,6.18,23.4,58.3,0.0,8.05,72.58,0.816
RUS,Europe,Russia,2020-06-25,613148.0,7105.0,7546.714,8594.0,91.0,134.857,4201.53,48.686,51.713,58.889,0.624,0.924,0.91,0.0,0.0,0.0,0.0,0.0,0.0,0.0,0.0,286889.0,18402719.0,126.103,1.966,297251.0,2.037,0.025,39.4,tests performed,0.0,0.0,0.0,0.0,0.0,0.0,0.0,0.0,0.0,70.83,145934460.0,8.823,39.6,14.178,9.393,24765.954,0.1,431.297,6.18,23.4,58.3,0.0,8.05,72.58,0.816
RUS,Europe,Russia,2020-06-26,619936.0,6788.0,7377.714,8770.0,176.0,134.143,4248.044,46.514,50.555,60.095,1.206,0.919,0.91,0.0,0.0,0.0,0.0,0.0,0.0,0.0,0.0,305227.0,18707946.0,128.194,2.092,292380.0,2.004,0.025,39.6,tests performed,0.0,0.0,0.0,0.0,0.0,0.0,0.0,0.0,0.0,70.83,145934460.0,8.823,39.6,14.178,9.393,24765.954,0.1,431.297,6.18,23.4,58.3,0.0,8.05,72.58,0.816
RUS,Europe,Russia,2020-06-27,626779.0,6843.0,7231.0,8958.0,188.0,138.0,4294.935,46.891,49.55,61.384,1.288,0.946,0.91,0.0,0.0,0.0,0.0,0.0,0.0,0.0,0.0,337008.0,19044954.0,130.503,2.309,292357.0,2.003,0.025,40.4,tests performed,0.0,0.0,0.0,0.0,0.0,0.0,0.0,0.0,0.0,70.83,145934460.0,8.823,39.6,14.178,9.393,24765.954,0.1,431.297,6.18,23.4,58.3,0.0,8.05,72.58,0.816
RUS,Europe,Russia,2020-06-28,633563.0,6784.0,7097.714,9060.0,102.0,137.0,4341.421,46.487,48.636,62.083,0.699,0.939,0.91,0.0,0.0,0.0,0.0,0.0,0.0,0.0,0.0,289488.0,19334442.0,132.487,1.984,292107.0,2.002,0.024,41.2,tests performed,0.0,0.0,0.0,0.0,0.0,0.0,0.0,0.0,0.0,70.83,145934460.0,8.823,39.6,14.178,9.393,24765.954,0.1,431.297,6.18,23.4,58.3,0.0,8.05,72.58,0.816
RUS,Europe,Russia,2020-06-29,640246.0,6683.0,6968.714,9152.0,92.0,136.571,4387.216,45.795,47.752,62.713,0.63,0.936,0.91,0.0,0.0,0.0,0.0,0.0,0.0,0.0,0.0,227998.0,19562440.0,134.049,1.562,291384.0,1.997,0.024,41.8,tests performed,0.0,0.0,0.0,0.0,0.0,0.0,0.0,0.0,0.0,70.83,145934460.0,8.823,39.6,14.178,9.393,24765.954,0.1,431.297,6.18,23.4,58.3,0.0,8.05,72.58,0.816
RUS,Europe,Russia,2020-06-30,646929.0,6683.0,6864.429,9306.0,154.0,136.714,4433.011,45.795,47.038,63.768,1.055,0.937,0.92,0.0,0.0,0.0,0.0,0.0,0.0,0.0,0.0,289727.0,19852167.0,136.035,1.985,292602.0,2.005,0.023,42.6,tests performed,0.0,0.0,0.0,0.0,0.0,0.0,0.0,0.0,0.0,70.83,145934460.0,8.823,39.6,14.178,9.393,24765.954,0.1,431.297,6.18,23.4,58.3,0.0,8.05,72.58,0.816
RUS,Europe,Russia,2020-07-01,653479.0,6550.0,6776.571,9521.0,215.0,145.429,4477.894,44.883,46.436,65.242,1.473,0.997,0.92,0.0,0.0,0.0,0.0,0.0,0.0,0.0,0.0,316737.0,20168904.0,138.205,2.17,293296.0,2.01,0.023,43.3,tests performed,0.0,0.0,0.0,0.0,0.0,0.0,0.0,0.0,0.0,70.83,145934460.0,8.823,39.6,14.178,9.393,24765.954,0.1,431.297,6.18,23.4,58.3,0.0,8.05,72.58,0.816
RUS,Europe,Russia,2020-07-02,660231.0,6752.0,6726.143,9668.0,147.0,153.429,4524.161,46.267,46.09,66.249,1.007,1.051,0.93,0.0,0.0,0.0,0.0,0.0,0.0,0.0,0.0,282206.0,20451110.0,140.139,1.934,292627.0,2.005,0.023,43.5,tests performed,0.0,0.0,0.0,0.0,0.0,0.0,0.0,0.0,0.0,70.83,145934460.0,8.823,39.6,14.178,9.393,24765.954,0.1,431.297,6.18,23.4,58.3,0.0,8.05,72.58,0.816
RUS,Europe,Russia,2020-07-03,666941.0,6710.0,6715.0,9844.0,176.0,153.429,4570.141,45.98,46.014,67.455,1.206,1.051,0.94,0.0,0.0,0.0,0.0,0.0,0.0,0.0,0.0,301296.0,20752406.0,142.204,2.065,292066.0,2.001,0.023,43.5,tests performed,0.0,0.0,0.0,0.0,0.0,0.0,0.0,0.0,0.0,70.83,145934460.0,8.823,39.6,14.178,9.393,24765.954,0.1,431.297,6.18,23.4,58.3,0.0,8.05,72.58,0.816
RUS,Europe,Russia,2020-07-04,673564.0,6623.0,6683.571,10011.0,167.0,150.429,4615.524,45.383,45.798,68.599,1.144,1.031,0.94,0.0,0.0,0.0,0.0,0.0,0.0,0.0,0.0,0.0,0.0,0.0,0.0,285564.0,1.957,0.023,42.7,tests performed,0.0,0.0,0.0,0.0,0.0,0.0,0.0,0.0,0.0,70.83,145934460.0,8.823,39.6,14.178,9.393,24765.954,0.1,431.297,6.18,23.4,58.3,0.0,8.05,72.58,0.816
RUS,Europe,Russia,2020-07-05,680283.0,6719.0,6674.286,10145.0,134.0,155.0,4661.565,46.041,45.735,69.518,0.918,1.062,0.95,0.0,0.0,0.0,0.0,0.0,0.0,0.0,0.0,0.0,21335394.0,146.198,0.0,285850.0,1.959,0.023,42.8,tests performed,0.0,0.0,0.0,0.0,0.0,0.0,0.0,0.0,0.0,70.83,145934460.0,8.823,39.6,14.178,9.393,24765.954,0.1,431.297,6.18,23.4,58.3,0.0,8.05,72.58,0.816
RUS,Europe,Russia,2020-07-06,686852.0,6569.0,6658.0,10280.0,135.0,161.143,4706.579,45.013,45.623,70.443,0.925,1.104,0.95,0.0,0.0,0.0,0.0,0.0,0.0,0.0,0.0,202377.0,21537771.0,147.585,1.387,282190.0,1.934,0.024,42.4,tests performed,0.0,0.0,0.0,0.0,0.0,0.0,0.0,0.0,0.0,70.83,145934460.0,8.823,39.6,14.178,9.393,24765.954,0.1,431.297,6.18,23.4,58.3,0.0,8.05,72.58,0.816
RUS,Europe,Russia,2020-07-07,693215.0,6363.0,6612.286,10478.0,198.0,167.429,4750.18,43.602,45.31,71.799,1.357,1.147,0.95,0.0,0.0,0.0,0.0,0.0,0.0,0.0,0.0,252934.0,21790705.0,149.318,1.733,276934.0,1.898,0.024,41.9,tests performed,0.0,0.0,0.0,0.0,0.0,0.0,0.0,0.0,0.0,70.83,145934460.0,8.823,39.6,14.178,9.393,24765.954,0.1,431.297,6.18,23.4,58.3,0.0,8.05,72.58,0.816
RUS,Europe,Russia,2020-07-08,699749.0,6534.0,6610.0,10650.0,172.0,161.286,4794.954,44.774,45.294,72.978,1.179,1.105,0.96,0.0,0.0,0.0,0.0,0.0,0.0,0.0,0.0,288589.0,22079294.0,151.296,1.978,272913.0,1.87,0.024,41.3,tests performed,0.0,0.0,0.0,0.0,0.0,0.0,0.0,0.0,0.0,70.83,145934460.0,8.823,39.6,14.178,9.393,24765.954,0.1,431.297,6.18,23.4,58.3,0.0,8.05,72.58,0.816
RUS,Europe,Russia,2020-07-09,706240.0,6491.0,6572.714,10826.0,176.0,165.429,4839.433,44.479,45.039,74.184,1.206,1.134,0.96,0.0,0.0,0.0,0.0,0.0,0.0,0.0,0.0,308901.0,22388195.0,153.413,2.117,276726.0,1.896,0.024,42.1,tests performed,0.0,0.0,0.0,0.0,0.0,0.0,0.0,0.0,0.0,70.83,145934460.0,8.823,39.6,14.178,9.393,24765.954,0.1,431.297,6.18,23.4,58.3,0.0,8.05,72.58,0.816
RUS,Europe,Russia,2020-07-10,712863.0,6623.0,6560.286,11000.0,174.0,165.143,4884.816,45.383,44.954,75.376,1.192,1.132,0.96,0.0,0.0,0.0,0.0,0.0,0.0,0.0,0.0,320221.0,22708416.0,155.607,2.194,279430.0,1.915,0.023,42.6,tests performed,0.0,0.0,0.0,0.0,0.0,0.0,0.0,0.0,0.0,70.83,145934460.0,8.823,39.6,14.178,9.393,24765.954,0.1,431.297,6.18,23.4,58.3,0.0,8.05,72.58,0.816
RUS,Europe,Russia,2020-07-11,719449.0,6586.0,6555.0,11188.0,188.0,168.143,4929.946,45.13,44.917,76.665,1.288,1.152,0.97,0.0,0.0,0.0,0.0,0.0,0.0,0.0,0.0,322640.0,23031056.0,157.818,2.211,283879.0,1.945,0.023,43.3,tests performed,0.0,0.0,0.0,0.0,0.0,0.0,0.0,0.0,0.0,70.83,145934460.0,8.823,39.6,14.178,9.393,24765.954,0.1,431.297,6.18,23.4,58.3,0.0,8.05,72.58,0.816
RUS,Europe,Russia,2020-07-12,726036.0,6587.0,6536.143,11318.0,130.0,167.571,4975.083,45.137,44.788,77.555,0.891,1.148,0.97,0.0,0.0,0.0,0.0,0.0,0.0,0.0,0.0,261574.0,23292630.0,159.61,1.792,279605.0,1.916,0.023,42.8,tests performed,0.0,0.0,0.0,0.0,0.0,0.0,0.0,0.0,0.0,70.83,145934460.0,8.823,39.6,14.178,9.393,24765.954,0.1,431.297,6.18,23.4,58.3,0.0,8.05,72.58,0.816
RUS,Europe,Russia,2020-07-13,732547.0,6511.0,6527.857,11422.0,104.0,163.143,5019.699,44.616,44.731,78.268,0.713,1.118,0.96,0.0,0.0,0.0,0.0,0.0,0.0,0.0,0.0,203122.0,23495752.0,161.002,1.392,279712.0,1.917,0.023,42.8,tests performed,0.0,0.0,0.0,0.0,0.0,0.0,0.0,0.0,0.0,70.83,145934460.0,8.823,39.6,14.178,9.393,24765.954,0.1,431.297,6.18,23.4,58.3,0.0,8.05,72.58,0.816
RUS,Europe,Russia,2020-07-14,738787.0,6240.0,6510.286,11597.0,175.0,159.857,5062.457,42.759,44.611,79.467,1.199,1.095,0.96,0.0,0.0,0.0,0.0,0.0,0.0,0.0,0.0,258893.0,23754645.0,162.776,1.774,280563.0,1.923,0.023,43.1,tests performed,0.0,0.0,0.0,0.0,0.0,0.0,0.0,0.0,0.0,70.83,145934460.0,8.823,39.6,14.178,9.393,24765.954,0.1,431.297,6.18,23.4,58.3,0.0,8.05,72.58,0.816
RUS,Europe,Russia,2020-07-15,745197.0,6410.0,6492.571,11753.0,156.0,157.571,5106.381,43.924,44.49,80.536,1.069,1.08,0.96,0.0,0.0,0.0,0.0,0.0,0.0,0.0,0.0,298871.0,24053516.0,164.824,2.048,282032.0,1.933,0.023,43.4,tests performed,0.0,0.0,0.0,0.0,0.0,0.0,0.0,0.0,0.0,68.06,145934460.0,8.823,39.6,14.178,9.393,24765.954,0.1,431.297,6.18,23.4,58.3,0.0,8.05,72.58,0.816
RUS,Europe,Russia,2020-07-16,751612.0,6415.0,6481.714,11920.0,167.0,156.286,5150.339,43.958,44.415,81.681,1.144,1.071,0.96,0.0,0.0,0.0,0.0,0.0,0.0,0.0,0.0,311052.0,24364568.0,166.956,2.131,282339.0,1.935,0.023,43.6,tests performed,0.0,0.0,0.0,0.0,0.0,0.0,0.0,0.0,0.0,68.06,145934460.0,8.823,39.6,14.178,9.393,24765.954,0.1,431.297,6.18,23.4,58.3,0.0,8.05,72.58,0.816
RUS,Europe,Russia,2020-07-17,758001.0,6389.0,6448.286,12106.0,186.0,158.0,5194.119,43.78,44.186,82.955,1.275,1.083,0.96,0.0,0.0,0.0,0.0,0.0,0.0,0.0,0.0,312362.0,24676930.0,169.096,2.14,281216.0,1.927,0.023,43.6,tests performed,0.0,0.0,0.0,0.0,0.0,0.0,0.0,0.0,0.0,68.06,145934460.0,8.823,39.6,14.178,9.393,24765.954,0.1,431.297,6.18,23.4,58.3,0.0,8.05,72.58,0.816
RUS,Europe,Russia,2020-07-18,764215.0,6214.0,6395.143,12228.0,122.0,148.571,5236.7,42.581,43.822,83.791,0.836,1.018,0.95,0.0,0.0,0.0,0.0,0.0,0.0,0.0,0.0,314810.0,24991740.0,171.253,2.157,280098.0,1.919,0.023,43.8,tests performed,0.0,0.0,0.0,0.0,0.0,0.0,0.0,0.0,0.0,68.06,145934460.0,8.823,39.6,14.178,9.393,24765.954,0.1,431.297,6.18,23.4,58.3,0.0,8.05,72.58,0.816
RUS,Europe,Russia,2020-07-19,770311.0,6096.0,6325.0,12323.0,95.0,143.571,5278.472,41.772,43.341,84.442,0.651,0.984,0.95,0.0,0.0,0.0,0.0,0.0,0.0,0.0,0.0,259874.0,25251614.0,173.034,1.781,279855.0,1.918,0.023,44.2,tests performed,0.0,0.0,0.0,0.0,0.0,0.0,0.0,0.0,0.0,68.06,145934460.0,8.823,39.6,14.178,9.393,24765.954,0.1,431.297,6.18,23.4,58.3,0.0,8.05,72.58,0.816
RUS,Europe,Russia,2020-07-20,776212.0,5901.0,6237.857,12408.0,85.0,140.857,5318.908,40.436,42.744,85.024,0.582,0.965,0.94,0.0,0.0,0.0,0.0,0.0,0.0,0.0,0.0,197553.0,25449167.0,174.388,1.354,279059.0,1.912,0.022,44.7,tests performed,0.0,0.0,0.0,0.0,0.0,0.0,0.0,0.0,0.0,68.06,145934460.0,8.823,39.6,14.178,9.393,24765.954,0.1,431.297,6.18,23.4,58.3,0.0,8.05,72.58,0.816
RUS,Europe,Russia,2020-07-21,782040.0,5828.0,6179.0,12561.0,153.0,137.714,5358.844,39.936,42.341,86.073,1.048,0.944,0.94,0.0,0.0,0.0,0.0,0.0,0.0,0.0,0.0,255205.0,25704372.0,176.136,1.749,278532.0,1.909,0.022,45.1,tests performed,0.0,0.0,0.0,0.0,0.0,0.0,0.0,0.0,0.0,68.06,145934460.0,8.823,39.6,14.178,9.393,24765.954,0.1,431.297,6.18,23.4,58.3,0.0,8.05,72.58,0.816
RUS,Europe,Russia,2020-07-22,787890.0,5850.0,6099.0,12726.0,165.0,139.0,5398.93,40.086,41.793,87.204,1.131,0.952,0.94,0.0,0.0,0.0,0.0,0.0,0.0,0.0,0.0,296536.0,26000908.0,178.168,2.032,278199.0,1.906,0.022,45.6,tests performed,0.0,0.0,0.0,0.0,0.0,0.0,0.0,0.0,0.0,68.06,145934460.0,8.823,39.6,14.178,9.393,24765.954,0.1,431.297,6.18,23.4,58.3,0.0,8.05,72.58,0.816
RUS,Europe,Russia,2020-07-23,793720.0,5830.0,6015.429,12873.0,147.0,136.143,5438.88,39.949,41.22,88.211,1.007,0.933,0.94,0.0,0.0,0.0,0.0,0.0,0.0,0.0,0.0,299744.0,26300652.0,180.222,2.054,276583.0,1.895,0.022,46.0,tests performed,0.0,0.0,0.0,0.0,0.0,0.0,0.0,0.0,0.0,68.06,145934460.0,8.823,39.6,14.178,9.393,24765.954,0.1,431.297,6.18,23.4,58.3,0.0,8.05,72.58,0.816
RUS,Europe,Russia,2020-07-24,799499.0,5779.0,5928.286,13026.0,153.0,131.429,5478.48,39.6,40.623,89.259,1.048,0.901,0.94,0.0,0.0,0.0,0.0,0.0,0.0,0.0,0.0,309971.0,26610623.0,182.346,2.124,276242.0,1.893,0.021,46.6,tests performed,0.0,0.0,0.0,0.0,0.0,0.0,0.0,0.0,0.0,68.06,145934460.0,8.823,39.6,14.178,9.393,24765.954,0.1,431.297,6.18,23.4,58.3,0.0,8.05,72.58,0.816
RUS,Europe,Russia,2020-07-25,805332.0,5833.0,5873.857,13172.0,146.0,134.857,5518.45,39.97,40.25,90.26,1.0,0.924,0.94,0.0,0.0,0.0,0.0,0.0,0.0,0.0,0.0,291668.0,26902291.0,184.345,1.999,272936.0,1.87,0.022,46.5,tests performed,0.0,0.0,0.0,0.0,0.0,0.0,0.0,0.0,0.0,68.06,145934460.0,8.823,39.6,14.178,9.393,24765.954,0.1,431.297,6.18,23.4,58.3,0.0,8.05,72.58,0.816
RUS,Europe,Russia,2020-07-26,811073.0,5741.0,5823.143,13249.0,77.0,132.286,5557.789,39.34,39.902,90.787,0.528,0.906,0.94,0.0,0.0,0.0,0.0,0.0,0.0,0.0,0.0,239675.0,27141966.0,185.987,1.642,270050.0,1.85,0.022,46.4,tests performed,0.0,0.0,0.0,0.0,0.0,0.0,0.0,0.0,0.0,68.06,145934460.0,8.823,39.6,14.178,9.393,24765.954,0.1,431.297,6.18,23.4,58.3,0.0,8.05,72.58,0.816
RUS,Europe,Russia,2020-07-27,816680.0,5607.0,5781.143,13334.0,85.0,132.286,5596.211,38.421,39.615,91.37,0.582,0.906,0.94,0.0,0.0,0.0,0.0,0.0,0.0,0.0,0.0,185604.0,27327570.0,187.259,1.272,268343.0,1.839,0.022,46.4,tests performed,0.0,0.0,0.0,0.0,0.0,0.0,0.0,0.0,0.0,68.06,145934460.0,8.823,39.6,14.178,9.393,24765.954,0.1,431.297,6.18,23.4,58.3,0.0,8.05,72.58,0.816
RUS,Europe,Russia,2020-07-28,822060.0,5380.0,5717.143,13483.0,149.0,131.714,5633.077,36.866,39.176,92.391,1.021,0.903,0.93,0.0,0.0,0.0,0.0,0.0,0.0,0.0,0.0,242076.0,27569646.0,188.918,1.659,266468.0,1.826,0.021,46.6,tests performed,0.0,0.0,0.0,0.0,0.0,0.0,0.0,0.0,0.0,68.06,145934460.0,8.823,39.6,14.178,9.393,24765.954,0.1,431.297,6.18,23.4,58.3,0.0,8.05,72.58,0.816
RUS,Europe,Russia,2020-07-29,827509.0,5449.0,5659.857,13650.0,167.0,132.0,5670.415,37.339,38.784,93.535,1.144,0.905,0.94,0.0,0.0,0.0,0.0,0.0,0.0,0.0,0.0,288204.0,27857850.0,190.893,1.975,265277.0,1.818,0.021,46.9,tests performed,0.0,0.0,0.0,0.0,0.0,0.0,0.0,0.0,0.0,68.06,145934460.0,8.823,39.6,14.178,9.393,24765.954,0.1,431.297,6.18,23.4,58.3,0.0,8.05,72.58,0.816
RUS,Europe,Russia,2020-07-30,832993.0,5484.0,5610.429,13778.0,128.0,129.286,5707.994,37.579,38.445,94.412,0.877,0.886,0.94,0.0,0.0,0.0,0.0,0.0,0.0,0.0,0.0,303611.0,28161461.0,192.973,2.08,265830.0,1.822,0.021,47.4,tests performed,0.0,0.0,0.0,0.0,0.0,0.0,0.0,0.0,0.0,68.06,145934460.0,8.823,39.6,14.178,9.393,24765.954,0.1,431.297,6.18,23.4,58.3,0.0,8.05,72.58,0.816
RUS,Europe,Russia,2020-07-31,838461.0,5468.0,5566.0,13939.0,161.0,130.429,5745.463,37.469,38.14,95.515,1.103,0.894,0.94,0.0,0.0,0.0,0.0,0.0,0.0,0.0,0.0,316551.0,28478012.0,195.142,2.169,266770.0,1.828,0.021,47.9,tests performed,0.0,0.0,0.0,0.0,0.0,0.0,0.0,0.0,0.0,68.06,145934460.0,8.823,39.6,14.178,9.393,24765.954,0.1,431.297,6.18,23.4,58.3,0.0,8.05,72.58,0.816
RUS,Europe,Russia,2020-08-01,843890.0,5429.0,5508.286,14034.0,95.0,123.143,5782.664,37.202,37.745,96.166,0.651,0.844,0.94,0.0,0.0,0.0,0.0,0.0,0.0,0.0,0.0,315248.0,28793260.0,197.303,2.16,270138.0,1.851,0.02,49.0,tests performed,0.0,0.0,0.0,0.0,0.0,0.0,0.0,0.0,0.0,68.06,145934460.0,8.823,39.6,14.178,9.393,24765.954,0.1,431.297,6.18,23.4,58.3,0.0,8.05,72.58,0.816
RUS,Europe,Russia,2020-08-02,849277.0,5387.0,5457.714,14104.0,70.0,122.143,5819.578,36.914,37.398,96.646,0.48,0.837,0.94,0.0,0.0,0.0,0.0,0.0,0.0,0.0,0.0,236640.0,29029900.0,198.924,1.622,269705.0,1.848,0.02,49.4,tests performed,0.0,0.0,0.0,0.0,0.0,0.0,0.0,0.0,0.0,68.06,145934460.0,8.823,39.6,14.178,9.393,24765.954,0.1,431.297,6.18,23.4,58.3,0.0,8.05,72.58,0.816
RUS,Europe,Russia,2020-08-03,854641.0,5364.0,5423.0,14183.0,79.0,121.286,5856.334,36.756,37.161,97.187,0.541,0.831,0.94,0.0,0.0,0.0,0.0,0.0,0.0,0.0,0.0,171962.0,29201862.0,200.103,1.178,267756.0,1.835,0.02,49.4,tests performed,0.0,0.0,0.0,0.0,0.0,0.0,0.0,0.0,0.0,68.06,145934460.0,8.823,39.6,14.178,9.393,24765.954,0.1,431.297,6.18,23.4,58.3,0.0,8.05,72.58,0.816
RUS,Europe,Russia,2020-08-04,859762.0,5121.0,5386.0,14327.0,144.0,120.571,5891.426,35.091,36.907,98.174,0.987,0.826,0.94,0.0,0.0,0.0,0.0,0.0,0.0,0.0,0.0,232028.0,29433890.0,201.693,1.59,266321.0,1.825,0.02,49.4,tests performed,0.0,0.0,0.0,0.0,0.0,0.0,0.0,0.0,0.0,68.06,145934460.0,8.823,39.6,14.178,9.393,24765.954,0.1,431.297,6.18,23.4,58.3,0.0,8.05,72.58,0.816
RUS,Europe,Russia,2020-08-05,864948.0,5186.0,5348.429,14465.0,138.0,116.429,5926.962,35.537,36.65,99.12,0.946,0.798,0.94,0.0,0.0,0.0,0.0,0.0,0.0,0.0,0.0,283017.0,29716907.0,203.632,1.939,265580.0,1.82,0.02,49.7,tests performed,0.0,0.0,0.0,0.0,0.0,0.0,0.0,0.0,0.0,68.06,145934460.0,8.823,39.6,14.178,9.393,24765.954,0.1,431.297,6.18,23.4,58.3,0.0,8.05,72.58,0.816
RUS,Europe,Russia,2020-08-06,870187.0,5239.0,5313.429,14579.0,114.0,114.429,5962.862,35.9,36.41,99.901,0.781,0.784,0.95,0.0,0.0,0.0,0.0,0.0,0.0,0.0,0.0,321216.0,30038123.0,205.833,2.201,268095.0,1.837,0.02,50.5,tests performed,0.0,0.0,0.0,0.0,0.0,0.0,0.0,0.0,0.0,68.06,145934460.0,8.823,39.6,14.178,9.393,24765.954,0.1,431.297,6.18,23.4,58.3,0.0,8.05,72.58,0.816
RUS,Europe,Russia,2020-08-07,875378.0,5191.0,5273.857,14698.0,119.0,108.429,5998.432,35.571,36.139,100.716,0.815,0.743,0.95,0.0,0.0,0.0,0.0,0.0,0.0,0.0,0.0,303221.0,30341344.0,207.911,2.078,266190.0,1.824,0.02,50.5,tests performed,0.0,0.0,0.0,0.0,0.0,0.0,0.0,0.0,0.0,68.06,145934460.0,8.823,39.6,14.178,9.393,24765.954,0.1,431.297,6.18,23.4,58.3,0.0,8.05,72.58,0.816
RUS,Europe,Russia,2020-08-08,880563.0,5185.0,5239.0,14827.0,129.0,113.286,6033.962,35.53,35.9,101.6,0.884,0.776,0.95,0.0,0.0,0.0,0.0,0.0,0.0,0.0,0.0,298676.0,30640020.0,209.957,2.047,263823.0,1.808,0.02,50.4,tests performed,0.0,0.0,0.0,0.0,0.0,0.0,0.0,0.0,0.0,68.06,145934460.0,8.823,39.6,14.178,9.393,24765.954,0.1,431.297,6.18,23.4,58.3,0.0,8.05,72.58,0.816
RUS,Europe,Russia,2020-08-09,885718.0,5155.0,5205.857,14903.0,76.0,114.143,6069.286,35.324,35.673,102.121,0.521,0.782,0.95,0.0,0.0,0.0,0.0,0.0,0.0,0.0,0.0,246140.0,30886160.0,211.644,1.687,265180.0,1.817,0.02,50.9,tests performed,0.0,0.0,0.0,0.0,0.0,0.0,0.0,0.0,0.0,68.06,145934460.0,8.823,39.6,14.178,9.393,24765.954,0.1,431.297,6.18,23.4,58.3,0.0,8.05,72.58,0.816
RUS,Europe,Russia,2020-08-10,890799.0,5081.0,5165.429,14973.0,70.0,112.857,6104.103,34.817,35.396,102.601,0.48,0.773,0.95,0.0,0.0,0.0,0.0,0.0,0.0,0.0,0.0,177027.0,31063187.0,212.857,1.213,265904.0,1.822,0.019,51.5,tests performed,0.0,0.0,0.0,0.0,0.0,0.0,0.0,0.0,0.0,68.06,145934460.0,8.823,39.6,14.178,9.393,24765.954,0.1,431.297,6.18,23.4,58.3,0.0,8.05,72.58,0.816
RUS,Europe,Russia,2020-08-11,895691.0,4892.0,5132.714,15103.0,130.0,110.857,6137.625,33.522,35.171,103.492,0.891,0.76,0.95,0.0,0.0,0.0,0.0,0.0,0.0,0.0,0.0,244577.0,31307764.0,214.533,1.676,267696.0,1.834,0.019,52.2,tests performed,0.0,0.0,0.0,0.0,0.0,0.0,0.0,0.0,0.0,68.06,145934460.0,8.823,39.6,14.178,9.393,24765.954,0.1,431.297,6.18,23.4,58.3,0.0,8.05,72.58,0.816
RUS,Europe,Russia,2020-08-12,900745.0,5054.0,5113.857,15231.0,128.0,109.429,6172.257,34.632,35.042,104.369,0.877,0.75,0.95,0.0,0.0,0.0,0.0,0.0,0.0,0.0,0.0,290538.0,31598302.0,216.524,1.991,268771.0,1.842,0.019,52.6,tests performed,0.0,0.0,0.0,0.0,0.0,0.0,0.0,0.0,0.0,68.06,145934460.0,8.823,39.6,14.178,9.393,24765.954,0.1,431.297,6.18,23.4,58.3,0.0,8.05,72.58,0.816
RUS,Europe,Russia,2020-08-13,905762.0,5017.0,5082.143,15353.0,122.0,110.571,6206.635,34.378,34.825,105.205,0.836,0.758,0.96,0.0,0.0,0.0,0.0,0.0,0.0,0.0,0.0,304753.0,31903055.0,218.612,2.088,266419.0,1.826,0.019,52.4,tests performed,0.0,0.0,0.0,0.0,0.0,0.0,0.0,0.0,0.0,68.06,145934460.0,8.823,39.6,14.178,9.393,24765.954,0.1,431.297,6.18,23.4,58.3,0.0,8.05,72.58,0.816
RUS,Europe,Russia,2020-08-14,910778.0,5016.0,5057.143,15467.0,114.0,109.857,6241.007,34.372,34.654,105.986,0.781,0.753,0.96,0.0,0.0,0.0,0.0,0.0,0.0,0.0,0.0,318491.0,32221546.0,220.795,2.182,268600.0,1.841,0.019,53.1,tests performed,0.0,0.0,0.0,0.0,0.0,0.0,0.0,0.0,0.0,68.06,145934460.0,8.823,39.6,14.178,9.393,24765.954,0.1,431.297,6.18,23.4,58.3,0.0,8.05,72.58,0.816
RUS,Europe,Russia,2020-08-15,915808.0,5030.0,5035.0,15585.0,118.0,108.286,6275.475,34.468,34.502,106.795,0.809,0.742,0.96,0.0,0.0,0.0,0.0,0.0,0.0,0.0,0.0,312272.0,32533818.0,222.934,2.14,270543.0,1.854,0.019,53.7,tests performed,0.0,0.0,0.0,0.0,0.0,0.0,0.0,0.0,0.0,68.06,145934460.0,8.823,39.6,14.178,9.393,24765.954,0.1,431.297,6.18,23.4,58.3,0.0,8.05,72.58,0.816
RUS,Europe,Russia,2020-08-16,920719.0,4911.0,5000.143,15653.0,68.0,107.143,6309.127,33.652,34.263,107.26,0.466,0.734,0.96,0.0,0.0,0.0,0.0,0.0,0.0,0.0,0.0,250660.0,32784478.0,224.652,1.718,271188.0,1.858,0.018,54.2,tests performed,0.0,0.0,0.0,0.0,0.0,0.0,0.0,0.0,0.0,68.06,145934460.0,8.823,39.6,14.178,9.393,24765.954,0.1,431.297,6.18,23.4,58.3,0.0,8.05,72.58,0.816
RUS,Europe,Russia,2020-08-17,925558.0,4839.0,4965.571,15707.0,54.0,104.857,6342.285,33.159,34.026,107.631,0.37,0.719,0.96,0.0,0.0,0.0,0.0,0.0,0.0,0.0,0.0,184281.0,32968759.0,225.915,1.263,272225.0,1.865,0.018,54.8,tests performed,0.0,0.0,0.0,0.0,0.0,0.0,0.0,0.0,0.0,68.06,145934460.0,8.823,39.6,14.178,9.393,24765.954,0.1,431.297,6.18,23.4,58.3,0.0,8.05,72.58,0.816
RUS,Europe,Russia,2020-08-18,930276.0,4718.0,4940.714,15836.0,129.0,104.714,6374.615,32.33,33.856,108.514,0.884,0.718,0.96,0.0,0.0,0.0,0.0,0.0,0.0,0.0,0.0,248709.0,33217468.0,227.619,1.704,272815.0,1.869,0.018,55.2,tests performed,0.0,0.0,0.0,0.0,0.0,0.0,0.0,0.0,0.0,68.06,145934460.0,8.823,39.6,14.178,9.393,24765.954,0.1,431.297,6.18,23.4,58.3,0.0,8.05,72.58,0.816
RUS,Europe,Russia,2020-08-19,935066.0,4790.0,4903.0,15951.0,115.0,102.857,6407.438,32.823,33.597,109.302,0.788,0.705,0.96,0.0,0.0,0.0,0.0,0.0,0.0,0.0,0.0,291805.0,33509273.0,229.619,2.0,272996.0,1.871,0.018,55.7,tests performed,0.0,0.0,0.0,0.0,0.0,0.0,0.0,0.0,0.0,68.06,145934460.0,8.823,39.6,14.178,9.393,24765.954,0.1,431.297,6.18,23.4,58.3,0.0,8.05,72.58,0.816
RUS,Europe,Russia,2020-08-20,939833.0,4767.0,4867.286,16058.0,107.0,100.714,6440.103,32.665,33.353,110.036,0.733,0.69,0.96,0.0,0.0,0.0,0.0,0.0,0.0,0.0,0.0,304832.0,33814105.0,231.707,2.089,273007.0,1.871,0.018,56.1,tests performed,0.0,0.0,0.0,0.0,0.0,0.0,0.0,0.0,0.0,68.06,145934460.0,8.823,39.6,14.178,9.393,24765.954,0.1,431.297,6.18,23.4,58.3,0.0,8.05,72.58,0.816
RUS,Europe,Russia,2020-08-21,944671.0,4838.0,4841.857,16148.0,90.0,97.286,6473.255,33.152,33.178,110.652,0.617,0.667,0.97,0.0,0.0,0.0,0.0,0.0,0.0,0.0,0.0,0.0,0.0,0.0,0.0,272755.0,1.869,0.018,56.3,tests performed,0.0,0.0,0.0,0.0,0.0,0.0,0.0,0.0,0.0,54.17,145934460.0,8.823,39.6,14.178,9.393,24765.954,0.1,431.297,6.18,23.4,58.3,0.0,8.05,72.58,0.816
RUS,Europe,Russia,2020-08-22,949531.0,4860.0,4817.571,16268.0,120.0,97.571,6506.558,33.303,33.012,111.475,0.822,0.669,0.97,0.0,0.0,0.0,0.0,0.0,0.0,0.0,0.0,0.0,34447560.0,236.048,0.0,273392.0,1.873,0.018,56.7,tests performed,0.0,0.0,0.0,0.0,0.0,0.0,0.0,0.0,0.0,54.17,145934460.0,8.823,39.6,14.178,9.393,24765.954,0.1,431.297,6.18,23.4,58.3,0.0,8.05,72.58,0.816
RUS,Europe,Russia,2020-08-23,954328.0,4797.0,4801.286,16341.0,73.0,98.286,6539.429,32.871,32.9,111.975,0.5,0.673,0.97,0.0,0.0,0.0,0.0,0.0,0.0,0.0,0.0,247846.0,34695406.0,237.746,1.698,272990.0,1.871,0.018,56.9,tests performed,0.0,0.0,0.0,0.0,0.0,0.0,0.0,0.0,0.0,54.17,145934460.0,8.823,39.6,14.178,9.393,24765.954,0.1,431.297,6.18,23.4,58.3,0.0,8.05,72.58,0.816
RUS,Europe,Russia,2020-08-24,959016.0,4688.0,4779.714,16406.0,65.0,99.857,6571.553,32.124,32.752,112.42,0.445,0.684,0.97,0.0,0.0,0.0,0.0,0.0,0.0,0.0,0.0,187814.0,34883220.0,239.033,1.287,273494.0,1.874,0.017,57.2,tests performed,0.0,0.0,0.0,0.0,0.0,0.0,0.0,0.0,0.0,54.17,145934460.0,8.823,39.6,14.178,9.393,24765.954,0.1,431.297,6.18,23.4,58.3,0.0,8.05,72.58,0.816
RUS,Europe,Russia,2020-08-25,963655.0,4639.0,4768.429,16524.0,118.0,98.286,6603.341,31.788,32.675,113.229,0.809,0.673,0.97,0.0,0.0,0.0,0.0,0.0,0.0,0.0,0.0,245441.0,35128661.0,240.715,1.682,273028.0,1.871,0.017,57.3,tests performed,0.0,0.0,0.0,0.0,0.0,0.0,0.0,0.0,0.0,54.17,145934460.0,8.823,39.6,14.178,9.393,24765.954,0.1,431.297,6.18,23.4,58.3,0.0,8.05,72.58,0.816
RUS,Europe,Russia,2020-08-26,968297.0,4642.0,4747.286,16638.0,114.0,98.143,6635.15,31.809,32.53,114.01,0.781,0.673,0.98,0.0,0.0,0.0,0.0,0.0,0.0,0.0,0.0,295122.0,35423783.0,242.738,2.022,273501.0,1.874,0.017,57.6,tests performed,0.0,0.0,0.0,0.0,0.0,0.0,0.0,0.0,0.0,54.17,145934460.0,8.823,39.6,14.178,9.393,24765.954,0.1,431.297,6.18,23.4,58.3,0.0,8.05,72.58,0.816
RUS,Europe,Russia,2020-08-27,972972.0,4675.0,4734.143,16758.0,120.0,100.0,6667.185,32.035,32.44,114.832,0.822,0.685,0.98,0.0,0.0,0.0,0.0,0.0,0.0,0.0,0.0,327964.0,35751747.0,244.985,2.247,276806.0,1.897,0.017,58.5,tests performed,0.0,0.0,0.0,0.0,0.0,0.0,0.0,0.0,0.0,54.17,145934460.0,8.823,39.6,14.178,9.393,24765.954,0.1,431.297,6.18,23.4,58.3,0.0,8.05,72.58,0.816
RUS,Europe,Russia,2020-08-28,977730.0,4758.0,4722.714,16866.0,108.0,102.571,6699.788,32.604,32.362,115.572,0.74,0.703,0.99,0.0,0.0,0.0,0.0,0.0,0.0,0.0,0.0,334435.0,36086182.0,247.277,2.292,279336.0,1.914,0.017,59.1,tests performed,0.0,0.0,0.0,0.0,0.0,0.0,0.0,0.0,0.0,54.17,145934460.0,8.823,39.6,14.178,9.393,24765.954,0.1,431.297,6.18,23.4,58.3,0.0,8.05,72.58,0.816
RUS,Europe,Russia,2020-08-29,982573.0,4843.0,4720.286,16977.0,111.0,101.286,6732.975,33.186,32.345,116.333,0.761,0.694,1.0,0.0,0.0,0.0,0.0,0.0,0.0,0.0,0.0,340668.0,36426850.0,249.611,2.334,282756.0,1.938,0.017,59.9,tests performed,0.0,0.0,0.0,0.0,0.0,0.0,0.0,0.0,0.0,54.17,145934460.0,8.823,39.6,14.178,9.393,24765.954,0.1,431.297,6.18,23.4,58.3,0.0,8.05,72.58,0.816
RUS,Europe,Russia,2020-08-30,987470.0,4897.0,4734.571,17045.0,68.0,100.571,6766.531,33.556,32.443,116.799,0.466,0.689,1.0,0.0,0.0,0.0,0.0,0.0,0.0,0.0,0.0,269532.0,36696382.0,251.458,1.847,285854.0,1.959,0.017,60.4,tests performed,0.0,0.0,0.0,0.0,0.0,0.0,0.0,0.0,0.0,54.17,145934460.0,8.823,39.6,14.178,9.393,24765.954,0.1,431.297,6.18,23.4,58.3,0.0,8.05,72.58,0.816
RUS,Europe,Russia,2020-08-31,992402.0,4932.0,4769.429,17128.0,83.0,103.143,6800.327,33.796,32.682,117.368,0.569,0.707,1.01,0.0,0.0,0.0,0.0,0.0,0.0,0.0,0.0,204833.0,36901215.0,252.862,1.404,288285.0,1.975,0.017,60.4,tests performed,0.0,0.0,0.0,0.0,0.0,0.0,0.0,0.0,0.0,54.17,145934460.0,8.823,39.6,14.178,9.393,24765.954,0.1,431.297,6.18,23.4,58.3,0.0,8.05,72.58,0.816
RUS,Europe,Russia,2020-09-01,997072.0,4670.0,4773.857,17250.0,122.0,103.714,6832.327,32.001,32.712,118.204,0.836,0.711,1.01,0.0,0.0,0.0,0.0,0.0,0.0,0.0,0.0,275612.0,37176827.0,254.75,1.889,292595.0,2.005,0.016,61.3,tests performed,0.0,0.0,0.0,0.0,0.0,0.0,0.0,0.0,0.0,38.89,145934460.0,8.823,39.6,14.178,9.393,24765.954,0.1,431.297,6.18,23.4,58.3,0.0,8.05,72.58,0.816
RUS,Europe,Russia,2020-09-02,1001965.0,4893.0,4809.714,17365.0,115.0,103.857,6865.856,33.529,32.958,118.992,0.788,0.712,1.02,0.0,0.0,0.0,0.0,0.0,0.0,0.0,0.0,307319.0,37484146.0,256.856,2.106,294338.0,2.017,0.016,61.2,tests performed,0.0,0.0,0.0,0.0,0.0,0.0,0.0,0.0,0.0,38.89,145934460.0,8.823,39.6,14.178,9.393,24765.954,0.1,431.297,6.18,23.4,58.3,0.0,8.05,72.58,0.816
RUS,Europe,Russia,2020-09-03,1006923.0,4958.0,4850.143,17479.0,114.0,103.0,6899.83,33.974,33.235,119.773,0.781,0.706,1.02,0.0,0.0,0.0,0.0,0.0,0.0,0.0,0.0,334220.0,37818366.0,259.146,2.29,295231.0,2.023,0.016,60.9,tests performed,0.0,0.0,0.0,0.0,0.0,0.0,0.0,0.0,0.0,38.89,145934460.0,8.823,39.6,14.178,9.393,24765.954,0.1,431.297,6.18,23.4,58.3,0.0,8.05,72.58,0.816
